province,confirmed,date
,,
검역,3,2020-09-03
,,
제주,0,2020-09-03
,,
경남,0,2020-09-03
,,
경북,0,2020-09-03
,,
전남,6,2020-09-03
,,
전북,0,2020-09-03
,,
충남,7,2020-09-03
,,
충북,1,2020-09-03
,,
강원,4,2020-09-03
,,
경기,64,2020-09-03
,,
세종,0,2020-09-03
,,
울산,8,2020-09-03
,,
대전,4,2020-09-03
,,
광주,6,2020-09-03
,,
인천,16,2020-09-03
,,
대구,3,2020-09-03
,,
부산,4,2020-09-03
,,
서울,69,2020-09-03
,,
합계,195,2020-09-03
,,
검역,3,2020-09-02
,,
제주,1,2020-09-02
,,
경남,1,2020-09-02
,,
경북,4,2020-09-02
,,
전남,3,2020-09-02
,,
전북,0,2020-09-02
,,
충남,7,2020-09-02
,,
충북,1,2020-09-02
,,
강원,2,2020-09-02
,,
경기,84,2020-09-02
,,
세종,0,2020-09-02
,,
울산,5,2020-09-02
,,
대전,14,2020-09-02
,,
광주,10,2020-09-02
,,
인천,11,2020-09-02
,,
대구,13,2020-09-02
,,
부산,7,2020-09-02
,,
서울,101,2020-09-02
,,
합계,267,2020-09-02
,,
검역,4,2020-09-01
,,
제주,1,2020-09-01
,,
경남,3,2020-09-01
,,
경북,9,2020-09-01
,,
전남,4,2020-09-01
,,
전북,0,2020-09-01
,,
충남,7,2020-09-01
,,
충북,1,2020-09-01
,,
강원,4,2020-09-01
,,
경기,63,2020-09-01
,,
세종,0,2020-09-01
,,
울산,6,2020-09-01
,,
대전,8,2020-09-01
,,
광주,4,2020-09-01
,,
인천,22,2020-09-01
,,
대구,2,2020-09-01
,,
부산,3,2020-09-01
,,
서울,94,2020-09-01
,,
합계,235,2020-09-01
,,
검역,3,2020-08-31
,,
제주,6,2020-08-31
,,
경남,1,2020-08-31
,,
경북,2,2020-08-31
,,
전남,5,2020-08-31
,,
전북,1,2020-08-31
,,
충남,9,2020-08-31
,,
충북,1,2020-08-31
,,
강원,3,2020-08-31
,,
경기,79,2020-08-31
,,
세종,1,2020-08-31
,,
울산,5,2020-08-31
,,
대전,7,2020-08-31
,,
광주,9,2020-08-31
,,
인천,14,2020-08-31
,,
대구,4,2020-08-31
,,
부산,4,2020-08-31
,,
서울,94,2020-08-31
,,
합계,248,2020-08-31
,,
검역,7,2020-08-30
,,
제주,2,2020-08-30
,,
경남,7,2020-08-30
,,
경북,3,2020-08-30
,,
전남,8,2020-08-30
,,
전북,0,2020-08-30
,,
충남,8,2020-08-30
,,
충북,5,2020-08-30
,,
강원,2,2020-08-30
,,
경기,80,2020-08-30
,,
세종,1,2020-08-30
,,
울산,3,2020-08-30
,,
대전,6,2020-08-30
,,
광주,2,2020-08-30
,,
인천,13,2020-08-30
,,
대구,30,2020-08-30
,,
부산,6,2020-08-30
,,
서울,116,2020-08-30
,,
합계,299,2020-08-30
,,
검역,5,2020-08-29
,,
제주,1,2020-08-29
,,
경남,12,2020-08-29
,,
경북,1,2020-08-29
,,
전남,9,2020-08-29
,,
전북,0,2020-08-29
,,
충남,8,2020-08-29
,,
충북,6,2020-08-29
,,
강원,0,2020-08-29
,,
경기,104,2020-08-29
,,
세종,0,2020-08-29
,,
울산,0,2020-08-29
,,
대전,4,2020-08-29
,,
광주,16,2020-08-29
,,
인천,20,2020-08-29
,,
대구,6,2020-08-29
,,
부산,6,2020-08-29
,,
서울,125,2020-08-29
,,
합계,323,2020-08-29
,,
검역,8,2020-08-28
,,
제주,2,2020-08-28
,,
경남,4,2020-08-28
,,
경북,1,2020-08-28
,,
전남,12,2020-08-28
,,
전북,2,2020-08-28
,,
충남,9,2020-08-28
,,
충북,5,2020-08-28
,,
강원,3,2020-08-28
,,
경기,113,2020-08-28
,,
세종,2,2020-08-28
,,
울산,1,2020-08-28
,,
대전,3,2020-08-28
,,
광주,17,2020-08-28
,,
인천,27,2020-08-28
,,
대구,8,2020-08-28
,,
부산,8,2020-08-28
,,
서울,146,2020-08-28
,,
합계,371,2020-08-28
,,
검역,3,2020-08-27
,,
제주,1,2020-08-27
,,
경남,8,2020-08-27
,,
경북,4,2020-08-27
,,
전남,13,2020-08-27
,,
전북,2,2020-08-27
,,
충남,15,2020-08-27
,,
충북,1,2020-08-27
,,
강원,14,2020-08-27
,,
경기,102,2020-08-27
,,
세종,0,2020-08-27
,,
울산,2,2020-08-27
,,
대전,3,2020-08-27
,,
광주,39,2020-08-27
,,
인천,59,2020-08-27
,,
대구,13,2020-08-27
,,
부산,8,2020-08-27
,,
서울,154,2020-08-27
,,
합계,441,2020-08-27
,,
검역,3,2020-08-26
,,
제주,2,2020-08-26
,,
경남,5,2020-08-26
,,
경북,0,2020-08-26
,,
전남,13,2020-08-26
,,
전북,7,2020-08-26
,,
충남,12,2020-08-26
,,
충북,0,2020-08-26
,,
강원,18,2020-08-26
,,
경기,98,2020-08-26
,,
세종,0,2020-08-26
,,
울산,2,2020-08-26
,,
대전,7,2020-08-26
,,
광주,7,2020-08-26
,,
인천,27,2020-08-26
,,
대구,3,2020-08-26
,,
부산,4,2020-08-26
,,
서울,112,2020-08-26
,,
합계,320,2020-08-26
,,
검역,3,2020-08-25
,,
제주,3,2020-08-25
,,
경남,2,2020-08-25
,,
경북,1,2020-08-25
,,
전남,1,2020-08-25
,,
전북,4,2020-08-25
,,
충남,9,2020-08-25
,,
충북,2,2020-08-25
,,
강원,8,2020-08-25
,,
경기,72,2020-08-25
,,
세종,3,2020-08-25
,,
울산,0,2020-08-25
,,
대전,11,2020-08-25
,,
광주,4,2020-08-25
,,
인천,15,2020-08-25
,,
대구,5,2020-08-25
,,
부산,3,2020-08-25
,,
서울,134,2020-08-25
,,
합계,280,2020-08-25
,,
검역,4,2020-08-24
,,
제주,0,2020-08-24
,,
경남,1,2020-08-24
,,
경북,6,2020-08-24
,,
전남,7,2020-08-24
,,
전북,4,2020-08-24
,,
충남,8,2020-08-24
,,
충북,10,2020-08-24
,,
강원,6,2020-08-24
,,
경기,85,2020-08-24
,,
세종,3,2020-08-24
,,
울산,1,2020-08-24
,,
대전,10,2020-08-24
,,
광주,1,2020-08-24
,,
인천,20,2020-08-24
,,
대구,0,2020-08-24
,,
부산,3,2020-08-24
,,
서울,97,2020-08-24
,,
합계,266,2020-08-24
,,
검역,4,2020-08-23
,,
제주,0,2020-08-23
,,
경남,9,2020-08-23
,,
경북,2,2020-08-23
,,
전남,14,2020-08-23
,,
전북,0,2020-08-23
,,
충남,10,2020-08-23
,,
충북,3,2020-08-23
,,
강원,15,2020-08-23
,,
경기,125,2020-08-23
,,
세종,0,2020-08-23
,,
울산,3,2020-08-23
,,
대전,15,2020-08-23
,,
광주,17,2020-08-23
,,
인천,32,2020-08-23
,,
대구,6,2020-08-23
,,
부산,2,2020-08-23
,,
서울,140,2020-08-23
,,
합계,397,2020-08-23
,,
검역,4,2020-08-22
,,
제주,2,2020-08-22
,,
경남,9,2020-08-22
,,
경북,4,2020-08-22
,,
전남,7,2020-08-22
,,
전북,4,2020-08-22
,,
충남,7,2020-08-22
,,
충북,2,2020-08-22
,,
강원,16,2020-08-22
,,
경기,95,2020-08-22
,,
세종,1,2020-08-22
,,
울산,3,2020-08-22
,,
대전,5,2020-08-22
,,
광주,11,2020-08-22
,,
인천,22,2020-08-22
,,
대구,9,2020-08-22
,,
부산,3,2020-08-22
,,
서울,128,2020-08-22
,,
합계,332,2020-08-22
,,
검역,3,2020-08-21
,,
제주,0,2020-08-21
,,
경남,4,2020-08-21
,,
경북,6,2020-08-21
,,
전남,6,2020-08-21
,,
전북,5,2020-08-21
,,
충남,13,2020-08-21
,,
충북,3,2020-08-21
,,
강원,9,2020-08-21
,,
경기,103,2020-08-21
,,
세종,3,2020-08-21
,,
울산,1,2020-08-21
,,
대전,7,2020-08-21
,,
광주,5,2020-08-21
,,
인천,18,2020-08-21
,,
대구,4,2020-08-21
,,
부산,8,2020-08-21
,,
서울,126,2020-08-21
,,
합계,324,2020-08-21
,,
검역,2,2020-08-20
,,
제주,0,2020-08-20
,,
경남,3,2020-08-20
,,
경북,5,2020-08-20
,,
전남,3,2020-08-20
,,
전북,6,2020-08-20
,,
충남,5,2020-08-20
,,
충북,1,2020-08-20
,,
강원,5,2020-08-20
,,
경기,85,2020-08-20
,,
세종,1,2020-08-20
,,
울산,0,2020-08-20
,,
대전,8,2020-08-20
,,
광주,1,2020-08-20
,,
인천,10,2020-08-20
,,
대구,3,2020-08-20
,,
부산,15,2020-08-20
,,
서울,135,2020-08-20
,,
합계,288,2020-08-20
,,
검역,2,2020-08-19
,,
제주,0,2020-08-19
,,
경남,1,2020-08-19
,,
경북,3,2020-08-19
,,
전남,2,2020-08-19
,,
전북,1,2020-08-19
,,
충남,3,2020-08-19
,,
충북,2,2020-08-19
,,
강원,6,2020-08-19
,,
경기,99,2020-08-19
,,
세종,2,2020-08-19
,,
울산,0,2020-08-19
,,
대전,0,2020-08-19
,,
광주,6,2020-08-19
,,
인천,8,2020-08-19
,,
대구,2,2020-08-19
,,
부산,9,2020-08-19
,,
서울,151,2020-08-19
,,
합계,297,2020-08-19
,,
검역,6,2020-08-18
,,
제주,0,2020-08-18
,,
경남,0,2020-08-18
,,
경북,3,2020-08-18
,,
전남,0,2020-08-18
,,
전북,7,2020-08-18
,,
충남,5,2020-08-18
,,
충북,1,2020-08-18
,,
강원,2,2020-08-18
,,
경기,52,2020-08-18
,,
세종,0,2020-08-18
,,
울산,3,2020-08-18
,,
대전,0,2020-08-18
,,
광주,4,2020-08-18
,,
인천,18,2020-08-18
,,
대구,6,2020-08-18
,,
부산,7,2020-08-18
,,
서울,132,2020-08-18
,,
합계,246,2020-08-18
,,
검역,2,2020-08-17
,,
제주,0,2020-08-17
,,
경남,0,2020-08-17
,,
경북,2,2020-08-17
,,
전남,0,2020-08-17
,,
전북,1,2020-08-17
,,
충남,4,2020-08-17
,,
충북,3,2020-08-17
,,
강원,1,2020-08-17
,,
경기,70,2020-08-17
,,
세종,0,2020-08-17
,,
울산,0,2020-08-17
,,
대전,2,2020-08-17
,,
광주,7,2020-08-17
,,
인천,7,2020-08-17
,,
대구,1,2020-08-17
,,
부산,7,2020-08-17
,,
서울,90,2020-08-17
,,
합계,197,2020-08-17
,,
검역,0,2020-08-16
,,
제주,0,2020-08-16
,,
경남,2,2020-08-16
,,
경북,0,2020-08-16
,,
전남,0,2020-08-16
,,
전북,0,2020-08-16
,,
충남,5,2020-08-16
,,
충북,1,2020-08-16
,,
강원,0,2020-08-16
,,
경기,98,2020-08-16
,,
세종,0,2020-08-16
,,
울산,3,2020-08-16
,,
대전,0,2020-08-16
,,
광주,7,2020-08-16
,,
인천,9,2020-08-16
,,
대구,1,2020-08-16
,,
부산,7,2020-08-16
,,
서울,146,2020-08-16
,,
합계,279,2020-08-16
,,
검역,2,2020-08-15
,,
제주,0,2020-08-15
,,
경남,1,2020-08-15
,,
경북,0,2020-08-15
,,
전남,0,2020-08-15
,,
전북,1,2020-08-15
,,
충남,2,2020-08-15
,,
충북,0,2020-08-15
,,
강원,3,2020-08-15
,,
경기,72,2020-08-15
,,
세종,0,2020-08-15
,,
울산,0,2020-08-15
,,
대전,1,2020-08-15
,,
광주,1,2020-08-15
,,
인천,6,2020-08-15
,,
대구,0,2020-08-15
,,
부산,3,2020-08-15
,,
서울,74,2020-08-15
,,
합계,166,2020-08-15
,,
검역,7,2020-08-14
,,
제주,0,2020-08-14
,,
경남,0,2020-08-14
,,
경북,1,2020-08-14
,,
전남,0,2020-08-14
,,
전북,0,2020-08-14
,,
충남,3,2020-08-14
,,
충북,0,2020-08-14
,,
강원,1,2020-08-14
,,
경기,47,2020-08-14
,,
세종,0,2020-08-14
,,
울산,1,2020-08-14
,,
대전,0,2020-08-14
,,
광주,2,2020-08-14
,,
인천,4,2020-08-14
,,
대구,0,2020-08-14
,,
부산,5,2020-08-14
,,
서울,32,2020-08-14
,,
합계,103,2020-08-14
,,
검역,3,2020-08-13
,,
제주,0,2020-08-13
,,
경남,1,2020-08-13
,,
경북,0,2020-08-13
,,
전남,0,2020-08-13
,,
전북,2,2020-08-13
,,
충남,1,2020-08-13
,,
충북,0,2020-08-13
,,
강원,0,2020-08-13
,,
경기,17,2020-08-13
,,
세종,0,2020-08-13
,,
울산,1,2020-08-13
,,
대전,0,2020-08-13
,,
광주,2,2020-08-13
,,
인천,0,2020-08-13
,,
대구,1,2020-08-13
,,
부산,2,2020-08-13
,,
서울,26,2020-08-13
,,
합계,56,2020-08-13
,,
검역,8,2020-08-12
,,
제주,0,2020-08-12
,,
경남,0,2020-08-12
,,
경북,0,2020-08-12
,,
전남,0,2020-08-12
,,
전북,0,2020-08-12
,,
충남,1,2020-08-12
,,
충북,0,2020-08-12
,,
강원,0,2020-08-12
,,
경기,19,2020-08-12
,,
세종,0,2020-08-12
,,
울산,0,2020-08-12
,,
대전,1,2020-08-12
,,
광주,6,2020-08-12
,,
인천,0,2020-08-12
,,
대구,0,2020-08-12
,,
부산,4,2020-08-12
,,
서울,15,2020-08-12
,,
합계,54,2020-08-12
,,
검역,3,2020-08-11
,,
제주,0,2020-08-11
,,
경남,0,2020-08-11
,,
경북,0,2020-08-11
,,
전남,0,2020-08-11
,,
전북,1,2020-08-11
,,
충남,2,2020-08-11
,,
충북,0,2020-08-11
,,
강원,0,2020-08-11
,,
경기,13,2020-08-11
,,
세종,0,2020-08-11
,,
울산,0,2020-08-11
,,
대전,0,2020-08-11
,,
광주,0,2020-08-11
,,
인천,0,2020-08-11
,,
대구,0,2020-08-11
,,
부산,9,2020-08-11
,,
서울,6,2020-08-11
,,
합계,34,2020-08-11
,,
검역,6,2020-08-10
,,
제주,0,2020-08-10
,,
경남,0,2020-08-10
,,
경북,1,2020-08-10
,,
전남,1,2020-08-10
,,
전북,0,2020-08-10
,,
충남,0,2020-08-10
,,
충북,0,2020-08-10
,,
강원,0,2020-08-10
,,
경기,6,2020-08-10
,,
세종,0,2020-08-10
,,
울산,0,2020-08-10
,,
대전,0,2020-08-10
,,
광주,0,2020-08-10
,,
인천,0,2020-08-10
,,
대구,0,2020-08-10
,,
부산,1,2020-08-10
,,
서울,13,2020-08-10
,,
합계,28,2020-08-10
,,
검역,1,2020-08-09
,,
제주,0,2020-08-09
,,
경남,0,2020-08-09
,,
경북,0,2020-08-09
,,
전남,0,2020-08-09
,,
전북,0,2020-08-09
,,
충남,1,2020-08-09
,,
충북,1,2020-08-09
,,
강원,0,2020-08-09
,,
경기,15,2020-08-09
,,
세종,0,2020-08-09
,,
울산,1,2020-08-09
,,
대전,0,2020-08-09
,,
광주,2,2020-08-09
,,
인천,1,2020-08-09
,,
대구,1,2020-08-09
,,
부산,0,2020-08-09
,,
서울,13,2020-08-09
,,
합계,36,2020-08-09
,,
검역,5,2020-08-08
,,
제주,0,2020-08-08
,,
경남,0,2020-08-08
,,
경북,0,2020-08-08
,,
전남,0,2020-08-08
,,
전북,0,2020-08-08
,,
충남,0,2020-08-08
,,
충북,0,2020-08-08
,,
강원,0,2020-08-08
,,
경기,18,2020-08-08
,,
세종,0,2020-08-08
,,
울산,0,2020-08-08
,,
대전,0,2020-08-08
,,
광주,0,2020-08-08
,,
인천,2,2020-08-08
,,
대구,1,2020-08-08
,,
부산,0,2020-08-08
,,
서울,17,2020-08-08
,,
합계,43,2020-08-08
,,
검역,5,2020-08-07
,,
제주,0,2020-08-07
,,
경남,0,2020-08-07
,,
경북,1,2020-08-07
,,
전남,0,2020-08-07
,,
전북,0,2020-08-07
,,
충남,0,2020-08-07
,,
충북,0,2020-08-07
,,
강원,0,2020-08-07
,,
경기,5,2020-08-07
,,
세종,0,2020-08-07
,,
울산,0,2020-08-07
,,
대전,0,2020-08-07
,,
광주,0,2020-08-07
,,
인천,0,2020-08-07
,,
대구,0,2020-08-07
,,
부산,0,2020-08-07
,,
서울,9,2020-08-07
,,
합계,20,2020-08-07
,,
검역,6,2020-08-06
,,
제주,0,2020-08-06
,,
경남,1,2020-08-06
,,
경북,4,2020-08-06
,,
전남,2,2020-08-06
,,
전북,0,2020-08-06
,,
충남,2,2020-08-06
,,
충북,1,2020-08-06
,,
강원,2,2020-08-06
,,
경기,13,2020-08-06
,,
세종,0,2020-08-06
,,
울산,0,2020-08-06
,,
대전,0,2020-08-06
,,
광주,0,2020-08-06
,,
인천,0,2020-08-06
,,
대구,0,2020-08-06
,,
부산,3,2020-08-06
,,
서울,9,2020-08-06
,,
합계,43,2020-08-06
,,
검역,6,2020-08-06
,,
제주,0,2020-08-06
,,
경남,1,2020-08-06
,,
경북,4,2020-08-06
,,
전남,2,2020-08-06
,,
전북,0,2020-08-06
,,
충남,2,2020-08-06
,,
충북,1,2020-08-06
,,
강원,2,2020-08-06
,,
경기,13,2020-08-06
,,
세종,0,2020-08-06
,,
울산,0,2020-08-06
,,
대전,0,2020-08-06
,,
광주,0,2020-08-06
,,
인천,0,2020-08-06
,,
대구,0,2020-08-06
,,
부산,3,2020-08-06
,,
서울,9,2020-08-06
,,
합계,43,2020-08-06
,,
검역,6,2020-08-05
,,
제주,0,2020-08-05
,,
경남,4,2020-08-05
,,
경북,0,2020-08-05
,,
전남,0,2020-08-05
,,
전북,0,2020-08-05
,,
충남,0,2020-08-05
,,
충북,6,2020-08-05
,,
강원,1,2020-08-05
,,
경기,7,2020-08-05
,,
세종,0,2020-08-05
,,
울산,0,2020-08-05
,,
대전,0,2020-08-05
,,
광주,1,2020-08-05
,,
인천,1,2020-08-05
,,
대구,1,2020-08-05
,,
부산,0,2020-08-05
,,
서울,6,2020-08-05
,,
합계,33,2020-08-05
,,
검역,7,2020-08-04
,,
제주,0,2020-08-04
,,
경남,0,2020-08-04
,,
경북,1,2020-08-04
,,
전남,1,2020-08-04
,,
전북,0,2020-08-04
,,
충남,0,2020-08-04
,,
충북,1,2020-08-04
,,
강원,0,2020-08-04
,,
경기,11,2020-08-04
,,
세종,0,2020-08-04
,,
울산,0,2020-08-04
,,
대전,0,2020-08-04
,,
광주,2,2020-08-04
,,
인천,1,2020-08-04
,,
대구,0,2020-08-04
,,
부산,1,2020-08-04
,,
서울,9,2020-08-04
,,
합계,34,2020-08-04
,,
검역,14,2020-08-03
,,
제주,0,2020-08-03
,,
경남,2,2020-08-03
,,
경북,1,2020-08-03
,,
전남,0,2020-08-03
,,
전북,0,2020-08-03
,,
충남,0,2020-08-03
,,
충북,0,2020-08-03
,,
강원,0,2020-08-03
,,
경기,1,2020-08-03
,,
세종,0,2020-08-03
,,
울산,0,2020-08-03
,,
대전,0,2020-08-03
,,
광주,0,2020-08-03
,,
인천,0,2020-08-03
,,
대구,0,2020-08-03
,,
부산,0,2020-08-03
,,
서울,5,2020-08-03
,,
합계,23,2020-08-03
,,
검역,17,2020-08-02
,,
제주,0,2020-08-02
,,
경남,0,2020-08-02
,,
경북,1,2020-08-02
,,
전남,0,2020-08-02
,,
전북,0,2020-08-02
,,
충남,0,2020-08-02
,,
충북,0,2020-08-02
,,
강원,0,2020-08-02
,,
경기,3,2020-08-02
,,
세종,0,2020-08-02
,,
울산,0,2020-08-02
,,
대전,0,2020-08-02
,,
광주,1,2020-08-02
,,
인천,0,2020-08-02
,,
대구,2,2020-08-02
,,
부산,1,2020-08-02
,,
서울,5,2020-08-02
,,
합계,30,2020-08-02
,,
검역,19,2020-08-01
,,
제주,0,2020-08-01
,,
경남,0,2020-08-01
,,
경북,1,2020-08-01
,,
전남,0,2020-08-01
,,
전북,0,2020-08-01
,,
충남,0,2020-08-01
,,
충북,0,2020-08-01
,,
강원,0,2020-08-01
,,
경기,7,2020-08-01
,,
세종,0,2020-08-01
,,
울산,0,2020-08-01
,,
대전,0,2020-08-01
,,
광주,0,2020-08-01
,,
인천,1,2020-08-01
,,
대구,0,2020-08-01
,,
부산,1,2020-08-01
,,
서울,2,2020-08-01
,,
합계,31,2020-08-01
,,
검역,12,2020-07-31
,,
제주,0,2020-07-31
,,
경남,0,2020-07-31
,,
경북,2,2020-07-31
,,
전남,0,2020-07-31
,,
전북,0,2020-07-31
,,
충남,1,2020-07-31
,,
충북,0,2020-07-31
,,
강원,2,2020-07-31
,,
경기,10,2020-07-31
,,
세종,0,2020-07-31
,,
울산,0,2020-07-31
,,
대전,0,2020-07-31
,,
광주,0,2020-07-31
,,
인천,0,2020-07-31
,,
대구,1,2020-07-31
,,
부산,0,2020-07-31
,,
서울,8,2020-07-31
,,
합계,36,2020-07-31
,,
검역,8,2020-07-30
,,
제주,0,2020-07-30
,,
경남,1,2020-07-30
,,
경북,1,2020-07-30
,,
전남,0,2020-07-30
,,
전북,0,2020-07-30
,,
충남,0,2020-07-30
,,
충북,0,2020-07-30
,,
강원,0,2020-07-30
,,
경기,5,2020-07-30
,,
세종,0,2020-07-30
,,
울산,0,2020-07-30
,,
대전,0,2020-07-30
,,
광주,0,2020-07-30
,,
인천,0,2020-07-30
,,
대구,0,2020-07-30
,,
부산,0,2020-07-30
,,
서울,3,2020-07-30
,,
합계,18,2020-07-30
,,
검역,21,2020-07-29
,,
제주,0,2020-07-29
,,
경남,0,2020-07-29
,,
경북,1,2020-07-29
,,
전남,0,2020-07-29
,,
전북,0,2020-07-29
,,
충남,0,2020-07-29
,,
충북,0,2020-07-29
,,
강원,0,2020-07-29
,,
경기,11,2020-07-29
,,
세종,0,2020-07-29
,,
울산,1,2020-07-29
,,
대전,0,2020-07-29
,,
광주,1,2020-07-29
,,
인천,3,2020-07-29
,,
대구,0,2020-07-29
,,
부산,1,2020-07-29
,,
서울,9,2020-07-29
,,
합계,48,2020-07-29
,,
검역,10,2020-07-28
,,
제주,0,2020-07-28
,,
경남,0,2020-07-28
,,
경북,1,2020-07-28
,,
전남,2,2020-07-28
,,
전북,0,2020-07-28
,,
충남,1,2020-07-28
,,
충북,0,2020-07-28
,,
강원,0,2020-07-28
,,
경기,6,2020-07-28
,,
세종,0,2020-07-28
,,
울산,0,2020-07-28
,,
대전,0,2020-07-28
,,
광주,0,2020-07-28
,,
인천,0,2020-07-28
,,
대구,0,2020-07-28
,,
부산,2,2020-07-28
,,
서울,6,2020-07-28
,,
합계,28,2020-07-28
,,
검역,7,2020-07-27
,,
제주,0,2020-07-27
,,
경남,0,2020-07-27
,,
경북,0,2020-07-27
,,
전남,0,2020-07-27
,,
전북,0,2020-07-27
,,
충남,1,2020-07-27
,,
충북,1,2020-07-27
,,
강원,0,2020-07-27
,,
경기,6,2020-07-27
,,
세종,0,2020-07-27
,,
울산,0,2020-07-27
,,
대전,0,2020-07-27
,,
광주,0,2020-07-27
,,
인천,0,2020-07-27
,,
대구,0,2020-07-27
,,
부산,1,2020-07-27
,,
서울,9,2020-07-27
,,
합계,25,2020-07-27
,,
검역,42,2020-07-26
,,
제주,0,2020-07-26
,,
경남,0,2020-07-26
,,
경북,0,2020-07-26
,,
전남,0,2020-07-26
,,
전북,0,2020-07-26
,,
충남,0,2020-07-26
,,
충북,0,2020-07-26
,,
강원,0,2020-07-26
,,
경기,7,2020-07-26
,,
세종,0,2020-07-26
,,
울산,0,2020-07-26
,,
대전,0,2020-07-26
,,
광주,1,2020-07-26
,,
인천,0,2020-07-26
,,
대구,0,2020-07-26
,,
부산,1,2020-07-26
,,
서울,7,2020-07-26
,,
합계,58,2020-07-26
,,
검역,81,2020-07-25
,,
제주,0,2020-07-25
,,
경남,0,2020-07-25
,,
경북,0,2020-07-25
,,
전남,1,2020-07-25
,,
전북,0,2020-07-25
,,
충남,0,2020-07-25
,,
충북,0,2020-07-25
,,
강원,0,2020-07-25
,,
경기,14,2020-07-25
,,
세종,0,2020-07-25
,,
울산,1,2020-07-25
,,
대전,0,2020-07-25
,,
광주,0,2020-07-25
,,
인천,0,2020-07-25
,,
대구,0,2020-07-25
,,
부산,5,2020-07-25
,,
서울,11,2020-07-25
,,
합계,113,2020-07-25
,,
검역,3,2020-07-24
,,
제주,0,2020-07-24
,,
경남,2,2020-07-24
,,
경북,1,2020-07-24
,,
전남,0,2020-07-24
,,
전북,0,2020-07-24
,,
충남,0,2020-07-24
,,
충북,0,2020-07-24
,,
강원,0,2020-07-24
,,
경기,8,2020-07-24
,,
세종,0,2020-07-24
,,
울산,0,2020-07-24
,,
대전,0,2020-07-24
,,
광주,2,2020-07-24
,,
인천,0,2020-07-24
,,
대구,2,2020-07-24
,,
부산,2,2020-07-24
,,
서울,21,2020-07-24
,,
합계,41,2020-07-24
,,
검역,5,2020-07-23
,,
제주,0,2020-07-23
,,
경남,0,2020-07-23
,,
경북,0,2020-07-23
,,
전남,0,2020-07-23
,,
전북,0,2020-07-23
,,
충남,0,2020-07-23
,,
충북,0,2020-07-23
,,
강원,0,2020-07-23
,,
경기,28,2020-07-23
,,
세종,0,2020-07-23
,,
울산,0,2020-07-23
,,
대전,0,2020-07-23
,,
광주,9,2020-07-23
,,
인천,3,2020-07-23
,,
대구,0,2020-07-23
,,
부산,2,2020-07-23
,,
서울,12,2020-07-23
,,
합계,59,2020-07-23
,,
검역,19,2020-07-22
,,
제주,0,2020-07-22
,,
경남,1,2020-07-22
,,
경북,0,2020-07-22
,,
전남,0,2020-07-22
,,
전북,0,2020-07-22
,,
충남,1,2020-07-22
,,
충북,1,2020-07-22
,,
강원,0,2020-07-22
,,
경기,15,2020-07-22
,,
세종,0,2020-07-22
,,
울산,0,2020-07-22
,,
대전,0,2020-07-22
,,
광주,4,2020-07-22
,,
인천,5,2020-07-22
,,
대구,1,2020-07-22
,,
부산,0,2020-07-22
,,
서울,16,2020-07-22
,,
합계,63,2020-07-22
,,
검역,18,2020-07-21
,,
제주,1,2020-07-21
,,
경남,0,2020-07-21
,,
경북,1,2020-07-21
,,
전남,0,2020-07-21
,,
전북,0,2020-07-21
,,
충남,0,2020-07-21
,,
충북,0,2020-07-21
,,
강원,0,2020-07-21
,,
경기,2,2020-07-21
,,
세종,0,2020-07-21
,,
울산,0,2020-07-21
,,
대전,0,2020-07-21
,,
광주,0,2020-07-21
,,
인천,0,2020-07-21
,,
대구,2,2020-07-21
,,
부산,0,2020-07-21
,,
서울,21,2020-07-21
,,
합계,45,2020-07-21
,,
검역,10,2020-07-20
,,
제주,0,2020-07-20
,,
경남,2,2020-07-20
,,
경북,1,2020-07-20
,,
전남,2,2020-07-20
,,
전북,1,2020-07-20
,,
충남,1,2020-07-20
,,
충북,0,2020-07-20
,,
강원,0,2020-07-20
,,
경기,1,2020-07-20
,,
세종,0,2020-07-20
,,
울산,0,2020-07-20
,,
대전,0,2020-07-20
,,
광주,1,2020-07-20
,,
인천,2,2020-07-20
,,
대구,2,2020-07-20
,,
부산,0,2020-07-20
,,
서울,3,2020-07-20
,,
합계,26,2020-07-20
,,
검역,7,2020-07-19
,,
제주,1,2020-07-19
,,
경남,0,2020-07-19
,,
경북,0,2020-07-19
,,
전남,0,2020-07-19
,,
전북,0,2020-07-19
,,
충남,0,2020-07-19
,,
충북,0,2020-07-19
,,
강원,0,2020-07-19
,,
경기,4,2020-07-19
,,
세종,0,2020-07-19
,,
울산,0,2020-07-19
,,
대전,1,2020-07-19
,,
광주,10,2020-07-19
,,
인천,1,2020-07-19
,,
대구,0,2020-07-19
,,
부산,0,2020-07-19
,,
서울,10,2020-07-19
,,
합계,34,2020-07-19
,,
검역,12,2020-07-18
,,
제주,1,2020-07-18
,,
경남,2,2020-07-18
,,
경북,0,2020-07-18
,,
전남,1,2020-07-18
,,
전북,0,2020-07-18
,,
충남,0,2020-07-18
,,
충북,0,2020-07-18
,,
강원,0,2020-07-18
,,
경기,10,2020-07-18
,,
세종,0,2020-07-18
,,
울산,1,2020-07-18
,,
대전,0,2020-07-18
,,
광주,0,2020-07-18
,,
인천,2,2020-07-18
,,
대구,3,2020-07-18
,,
부산,1,2020-07-18
,,
서울,6,2020-07-18
,,
합계,39,2020-07-18
,,
검역,25,2020-07-17
,,
제주,3,2020-07-17
,,
경남,2,2020-07-17
,,
경북,0,2020-07-17
,,
전남,0,2020-07-17
,,
전북,0,2020-07-17
,,
충남,0,2020-07-17
,,
충북,0,2020-07-17
,,
강원,0,2020-07-17
,,
경기,15,2020-07-17
,,
세종,0,2020-07-17
,,
울산,0,2020-07-17
,,
대전,1,2020-07-17
,,
광주,5,2020-07-17
,,
인천,0,2020-07-17
,,
대구,0,2020-07-17
,,
부산,0,2020-07-17
,,
서울,9,2020-07-17
,,
합계,60,2020-07-17
,,
검역,20,2020-07-16
,,
제주,0,2020-07-16
,,
경남,1,2020-07-16
,,
경북,0,2020-07-16
,,
전남,0,2020-07-16
,,
전북,0,2020-07-16
,,
충남,0,2020-07-16
,,
충북,1,2020-07-16
,,
강원,3,2020-07-16
,,
경기,21,2020-07-16
,,
세종,0,2020-07-16
,,
울산,1,2020-07-16
,,
대전,1,2020-07-16
,,
광주,1,2020-07-16
,,
인천,3,2020-07-16
,,
대구,2,2020-07-16
,,
부산,0,2020-07-16
,,
서울,7,2020-07-16
,,
합계,61,2020-07-16
,,
검역,23,2020-07-15
,,
제주,0,2020-07-15
,,
경남,0,2020-07-15
,,
경북,0,2020-07-15
,,
전남,0,2020-07-15
,,
전북,0,2020-07-15
,,
충남,0,2020-07-15
,,
충북,0,2020-07-15
,,
강원,0,2020-07-15
,,
경기,5,2020-07-15
,,
세종,0,2020-07-15
,,
울산,0,2020-07-15
,,
대전,3,2020-07-15
,,
광주,1,2020-07-15
,,
인천,1,2020-07-15
,,
대구,0,2020-07-15
,,
부산,0,2020-07-15
,,
서울,6,2020-07-15
,,
합계,39,2020-07-15
,,
검역,12,2020-07-14
,,
제주,0,2020-07-14
,,
경남,0,2020-07-14
,,
경북,0,2020-07-14
,,
전남,0,2020-07-14
,,
전북,2,2020-07-14
,,
충남,0,2020-07-14
,,
충북,1,2020-07-14
,,
강원,0,2020-07-14
,,
경기,9,2020-07-14
,,
세종,0,2020-07-14
,,
울산,0,2020-07-14
,,
대전,1,2020-07-14
,,
광주,1,2020-07-14
,,
인천,0,2020-07-14
,,
대구,0,2020-07-14
,,
부산,0,2020-07-14
,,
서울,7,2020-07-14
,,
합계,33,2020-07-14
,,
검역,18,2020-07-13
,,
제주,0,2020-07-13
,,
경남,2,2020-07-13
,,
경북,0,2020-07-13
,,
전남,0,2020-07-13
,,
전북,0,2020-07-13
,,
충남,4,2020-07-13
,,
충북,1,2020-07-13
,,
강원,2,2020-07-13
,,
경기,11,2020-07-13
,,
세종,0,2020-07-13
,,
울산,0,2020-07-13
,,
대전,0,2020-07-13
,,
광주,7,2020-07-13
,,
인천,3,2020-07-13
,,
대구,1,2020-07-13
,,
부산,0,2020-07-13
,,
서울,13,2020-07-13
,,
합계,62,2020-07-13
,,
검역,12,2020-07-12
,,
제주,0,2020-07-12
,,
경남,1,2020-07-12
,,
경북,0,2020-07-12
,,
전남,0,2020-07-12
,,
전북,1,2020-07-12
,,
충남,0,2020-07-12
,,
충북,0,2020-07-12
,,
강원,0,2020-07-12
,,
경기,17,2020-07-12
,,
세종,0,2020-07-12
,,
울산,0,2020-07-12
,,
대전,1,2020-07-12
,,
광주,5,2020-07-12
,,
인천,0,2020-07-12
,,
대구,0,2020-07-12
,,
부산,0,2020-07-12
,,
서울,7,2020-07-12
,,
합계,44,2020-07-12
,,
검역,8,2020-07-11
,,
제주,0,2020-07-11
,,
경남,0,2020-07-11
,,
경북,0,2020-07-11
,,
전남,0,2020-07-11
,,
전북,2,2020-07-11
,,
충남,1,2020-07-11
,,
충북,0,2020-07-11
,,
강원,0,2020-07-11
,,
경기,4,2020-07-11
,,
세종,0,2020-07-11
,,
울산,0,2020-07-11
,,
대전,2,2020-07-11
,,
광주,9,2020-07-11
,,
인천,1,2020-07-11
,,
대구,0,2020-07-11
,,
부산,0,2020-07-11
,,
서울,8,2020-07-11
,,
합계,35,2020-07-11
,,
검역,4,2020-07-10
,,
제주,0,2020-07-10
,,
경남,3,2020-07-10
,,
경북,0,2020-07-10
,,
전남,3,2020-07-10
,,
전북,0,2020-07-10
,,
충남,0,2020-07-10
,,
충북,2,2020-07-10
,,
강원,0,2020-07-10
,,
경기,14,2020-07-10
,,
세종,0,2020-07-10
,,
울산,0,2020-07-10
,,
대전,7,2020-07-10
,,
광주,3,2020-07-10
,,
인천,1,2020-07-10
,,
대구,0,2020-07-10
,,
부산,0,2020-07-10
,,
서울,8,2020-07-10
,,
합계,45,2020-07-10
,,
검역,5,2020-07-09
,,
제주,0,2020-07-09
,,
경남,2,2020-07-09
,,
경북,0,2020-07-09
,,
전남,1,2020-07-09
,,
전북,1,2020-07-09
,,
충남,1,2020-07-09
,,
충북,0,2020-07-09
,,
강원,0,2020-07-09
,,
경기,8,2020-07-09
,,
세종,0,2020-07-09
,,
울산,0,2020-07-09
,,
대전,6,2020-07-09
,,
광주,15,2020-07-09
,,
인천,3,2020-07-09
,,
대구,0,2020-07-09
,,
부산,0,2020-07-09
,,
서울,8,2020-07-09
,,
합계,50,2020-07-09
,,
검역,11,2020-07-08
,,
제주,0,2020-07-08
,,
경남,2,2020-07-08
,,
경북,1,2020-07-08
,,
전남,1,2020-07-08
,,
전북,2,2020-07-08
,,
충남,6,2020-07-08
,,
충북,0,2020-07-08
,,
강원,0,2020-07-08
,,
경기,18,2020-07-08
,,
세종,0,2020-07-08
,,
울산,0,2020-07-08
,,
대전,2,2020-07-08
,,
광주,8,2020-07-08
,,
인천,1,2020-07-08
,,
대구,1,2020-07-08
,,
부산,0,2020-07-08
,,
서울,10,2020-07-08
,,
합계,63,2020-07-08
,,
검역,16,2020-07-07
,,
제주,0,2020-07-07
,,
경남,0,2020-07-07
,,
경북,0,2020-07-07
,,
전남,0,2020-07-07
,,
전북,1,2020-07-07
,,
충남,0,2020-07-07
,,
충북,0,2020-07-07
,,
강원,0,2020-07-07
,,
경기,13,2020-07-07
,,
세종,0,2020-07-07
,,
울산,0,2020-07-07
,,
대전,2,2020-07-07
,,
광주,6,2020-07-07
,,
인천,2,2020-07-07
,,
대구,1,2020-07-07
,,
부산,0,2020-07-07
,,
서울,3,2020-07-07
,,
합계,44,2020-07-07
,,
검역,15,2020-07-06
,,
제주,0,2020-07-06
,,
경남,1,2020-07-06
,,
경북,1,2020-07-06
,,
전남,2,2020-07-06
,,
전북,0,2020-07-06
,,
충남,1,2020-07-06
,,
충북,0,2020-07-06
,,
강원,1,2020-07-06
,,
경기,6,2020-07-06
,,
세종,0,2020-07-06
,,
울산,0,2020-07-06
,,
대전,2,2020-07-06
,,
광주,7,2020-07-06
,,
인천,6,2020-07-06
,,
대구,2,2020-07-06
,,
부산,1,2020-07-06
,,
서울,3,2020-07-06
,,
합계,48,2020-07-06
,,
검역,9,2020-07-05
,,
제주,1,2020-07-05
,,
경남,0,2020-07-05
,,
경북,1,2020-07-05
,,
전남,0,2020-07-05
,,
전북,1,2020-07-05
,,
충남,0,2020-07-05
,,
충북,0,2020-07-05
,,
강원,1,2020-07-05
,,
경기,8,2020-07-05
,,
세종,0,2020-07-05
,,
울산,0,2020-07-05
,,
대전,8,2020-07-05
,,
광주,16,2020-07-05
,,
인천,0,2020-07-05
,,
대구,0,2020-07-05
,,
부산,0,2020-07-05
,,
서울,16,2020-07-05
,,
합계,61,2020-07-05
,,
검역,18,2020-07-04
,,
제주,0,2020-07-04
,,
경남,1,2020-07-04
,,
경북,1,2020-07-04
,,
전남,0,2020-07-04
,,
전북,0,2020-07-04
,,
충남,0,2020-07-04
,,
충북,2,2020-07-04
,,
강원,0,2020-07-04
,,
경기,19,2020-07-04
,,
세종,0,2020-07-04
,,
울산,0,2020-07-04
,,
대전,3,2020-07-04
,,
광주,8,2020-07-04
,,
인천,2,2020-07-04
,,
대구,1,2020-07-04
,,
부산,1,2020-07-04
,,
서울,7,2020-07-04
,,
합계,63,2020-07-04
,,
검역,4,2020-07-03
,,
제주,0,2020-07-03
,,
경남,2,2020-07-03
,,
경북,1,2020-07-03
,,
전남,0,2020-07-03
,,
전북,1,2020-07-03
,,
충남,1,2020-07-03
,,
충북,0,2020-07-03
,,
강원,0,2020-07-03
,,
경기,18,2020-07-03
,,
세종,0,2020-07-03
,,
울산,0,2020-07-03
,,
대전,4,2020-07-03
,,
광주,6,2020-07-03
,,
인천,1,2020-07-03
,,
대구,13,2020-07-03
,,
부산,0,2020-07-03
,,
서울,12,2020-07-03
,,
합계,63,2020-07-03
,,
검역,2,2020-07-02
,,
제주,0,2020-07-02
,,
경남,0,2020-07-02
,,
경북,0,2020-07-02
,,
전남,0,2020-07-02
,,
전북,0,2020-07-02
,,
충남,3,2020-07-02
,,
충북,0,2020-07-02
,,
강원,0,2020-07-02
,,
경기,10,2020-07-02
,,
세종,0,2020-07-02
,,
울산,0,2020-07-02
,,
대전,1,2020-07-02
,,
광주,22,2020-07-02
,,
인천,0,2020-07-02
,,
대구,3,2020-07-02
,,
부산,0,2020-07-02
,,
서울,13,2020-07-02
,,
합계,54,2020-07-02
,,
검역,5,2020-07-01
,,
제주,0,2020-07-01
,,
경남,0,2020-07-01
,,
경북,0,2020-07-01
,,
전남,1,2020-07-01
,,
전북,0,2020-07-01
,,
충남,1,2020-07-01
,,
충북,0,2020-07-01
,,
강원,0,2020-07-01
,,
경기,16,2020-07-01
,,
세종,0,2020-07-01
,,
울산,0,2020-07-01
,,
대전,4,2020-07-01
,,
광주,12,2020-07-01
,,
인천,2,2020-07-01
,,
대구,1,2020-07-01
,,
부산,0,2020-07-01
,,
서울,9,2020-07-01
,,
합계,51,2020-07-01
,,
검역,13,2020-06-30
,,
제주,0,2020-06-30
,,
경남,0,2020-06-30
,,
경북,1,2020-06-30
,,
전남,0,2020-06-30
,,
전북,0,2020-06-30
,,
충남,0,2020-06-30
,,
충북,1,2020-06-30
,,
강원,1,2020-06-30
,,
경기,7,2020-06-30
,,
세종,1,2020-06-30
,,
울산,0,2020-06-30
,,
대전,5,2020-06-30
,,
광주,3,2020-06-30
,,
인천,3,2020-06-30
,,
대구,0,2020-06-30
,,
부산,1,2020-06-30
,,
서울,7,2020-06-30
,,
합계,43,2020-06-30
,,
검역,5,2020-06-29
,,
제주,0,2020-06-29
,,
경남,1,2020-06-29
,,
경북,1,2020-06-29
,,
전남,1,2020-06-29
,,
전북,1,2020-06-29
,,
충남,0,2020-06-29
,,
충북,0,2020-06-29
,,
강원,0,2020-06-29
,,
경기,16,2020-06-29
,,
세종,0,2020-06-29
,,
울산,0,2020-06-29
,,
대전,2,2020-06-29
,,
광주,4,2020-06-29
,,
인천,1,2020-06-29
,,
대구,2,2020-06-29
,,
부산,1,2020-06-29
,,
서울,7,2020-06-29
,,
합계,42,2020-06-29
,,
검역,16,2020-06-28
,,
제주,0,2020-06-28
,,
경남,0,2020-06-28
,,
경북,0,2020-06-28
,,
전남,3,2020-06-28
,,
전북,0,2020-06-28
,,
충남,1,2020-06-28
,,
충북,1,2020-06-28
,,
강원,0,2020-06-28
,,
경기,17,2020-06-28
,,
세종,0,2020-06-28
,,
울산,0,2020-06-28
,,
대전,6,2020-06-28
,,
광주,4,2020-06-28
,,
인천,0,2020-06-28
,,
대구,0,2020-06-28
,,
부산,0,2020-06-28
,,
서울,14,2020-06-28
,,
합계,62,2020-06-28
,,
검역,11,2020-06-27
,,
제주,0,2020-06-27
,,
경남,0,2020-06-27
,,
경북,0,2020-06-27
,,
전남,0,2020-06-27
,,
전북,1,2020-06-27
,,
충남,0,2020-06-27
,,
충북,1,2020-06-27
,,
강원,0,2020-06-27
,,
경기,17,2020-06-27
,,
세종,0,2020-06-27
,,
울산,0,2020-06-27
,,
대전,2,2020-06-27
,,
광주,0,2020-06-27
,,
인천,1,2020-06-27
,,
대구,1,2020-06-27
,,
부산,0,2020-06-27
,,
서울,17,2020-06-27
,,
합계,51,2020-06-27
,,
검역,11,2020-06-27
,,
제주,0,2020-06-27
,,
경남,0,2020-06-27
,,
경북,0,2020-06-27
,,
전남,0,2020-06-27
,,
전북,1,2020-06-27
,,
충남,0,2020-06-27
,,
충북,1,2020-06-27
,,
강원,0,2020-06-27
,,
경기,17,2020-06-27
,,
세종,0,2020-06-27
,,
울산,0,2020-06-27
,,
대전,2,2020-06-27
,,
광주,0,2020-06-27
,,
인천,1,2020-06-27
,,
대구,1,2020-06-27
,,
부산,0,2020-06-27
,,
서울,17,2020-06-27
,,
합계,51,2020-06-27
,,
검역,7,2020-06-26
,,
제주,0,2020-06-26
,,
경남,0,2020-06-26
,,
경북,1,2020-06-26
,,
전남,0,2020-06-26
,,
전북,0,2020-06-26
,,
충남,3,2020-06-26
,,
충북,0,2020-06-26
,,
강원,1,2020-06-26
,,
경기,4,2020-06-26
,,
세종,0,2020-06-26
,,
울산,0,2020-06-26
,,
대전,4,2020-06-26
,,
광주,0,2020-06-26
,,
인천,2,2020-06-26
,,
대구,0,2020-06-26
,,
부산,0,2020-06-26
,,
서울,17,2020-06-26
,,
합계,39,2020-06-26
,,
검역,4,2020-06-25
,,
제주,0,2020-06-25
,,
경남,0,2020-06-25
,,
경북,0,2020-06-25
,,
전남,0,2020-06-25
,,
전북,0,2020-06-25
,,
충남,1,2020-06-25
,,
충북,0,2020-06-25
,,
강원,0,2020-06-25
,,
경기,9,2020-06-25
,,
세종,0,2020-06-25
,,
울산,0,2020-06-25
,,
대전,4,2020-06-25
,,
광주,0,2020-06-25
,,
인천,1,2020-06-25
,,
대구,0,2020-06-25
,,
부산,0,2020-06-25
,,
서울,9,2020-06-25
,,
합계,28,2020-06-25
,,
검역,12,2020-06-24
,,
제주,0,2020-06-24
,,
경남,0,2020-06-24
,,
경북,1,2020-06-24
,,
전남,0,2020-06-24
,,
전북,1,2020-06-24
,,
충남,1,2020-06-24
,,
충북,0,2020-06-24
,,
강원,1,2020-06-24
,,
경기,7,2020-06-24
,,
세종,0,2020-06-24
,,
울산,2,2020-06-24
,,
대전,8,2020-06-24
,,
광주,0,2020-06-24
,,
인천,3,2020-06-24
,,
대구,2,2020-06-24
,,
부산,2,2020-06-24
,,
서울,11,2020-06-24
,,
합계,51,2020-06-24
,,
검역,26,2020-06-23
,,
제주,0,2020-06-23
,,
경남,0,2020-06-23
,,
경북,0,2020-06-23
,,
전남,0,2020-06-23
,,
전북,0,2020-06-23
,,
충남,0,2020-06-23
,,
충북,1,2020-06-23
,,
강원,0,2020-06-23
,,
경기,7,2020-06-23
,,
세종,0,2020-06-23
,,
울산,0,2020-06-23
,,
대전,4,2020-06-23
,,
광주,0,2020-06-23
,,
인천,1,2020-06-23
,,
대구,1,2020-06-23
,,
부산,0,2020-06-23
,,
서울,6,2020-06-23
,,
합계,46,2020-06-23
,,
검역,0,2020-06-22
,,
제주,0,2020-06-22
,,
경남,0,2020-06-22
,,
경북,1,2020-06-22
,,
전남,0,2020-06-22
,,
전북,1,2020-06-22
,,
충남,2,2020-06-22
,,
충북,0,2020-06-22
,,
강원,0,2020-06-22
,,
경기,6,2020-06-22
,,
세종,0,2020-06-22
,,
울산,0,2020-06-22
,,
대전,0,2020-06-22
,,
광주,0,2020-06-22
,,
인천,1,2020-06-22
,,
대구,1,2020-06-22
,,
부산,0,2020-06-22
,,
서울,5,2020-06-22
,,
합계,17,2020-06-22
,,
검역,4,2020-06-21
,,
제주,0,2020-06-21
,,
경남,1,2020-06-21
,,
경북,0,2020-06-21
,,
전남,0,2020-06-21
,,
전북,0,2020-06-21
,,
충남,1,2020-06-21
,,
충북,0,2020-06-21
,,
강원,2,2020-06-21
,,
경기,10,2020-06-21
,,
세종,1,2020-06-21
,,
울산,0,2020-06-21
,,
대전,10,2020-06-21
,,
광주,1,2020-06-21
,,
인천,0,2020-06-21
,,
대구,1,2020-06-21
,,
부산,0,2020-06-21
,,
서울,17,2020-06-21
,,
합계,48,2020-06-21
,,
검역,18,2020-06-20
,,
제주,0,2020-06-20
,,
경남,0,2020-06-20
,,
경북,1,2020-06-20
,,
전남,0,2020-06-20
,,
전북,1,2020-06-20
,,
충남,2,2020-06-20
,,
충북,0,2020-06-20
,,
강원,0,2020-06-20
,,
경기,17,2020-06-20
,,
세종,0,2020-06-20
,,
울산,0,2020-06-20
,,
대전,5,2020-06-20
,,
광주,0,2020-06-20
,,
인천,5,2020-06-20
,,
대구,2,2020-06-20
,,
부산,2,2020-06-20
,,
서울,14,2020-06-20
,,
합계,67,2020-06-20
,,
검역,11,2020-06-19
,,
제주,3,2020-06-19
,,
경남,0,2020-06-19
,,
경북,0,2020-06-19
,,
전남,0,2020-06-19
,,
전북,0,2020-06-19
,,
충남,0,2020-06-19
,,
충북,0,2020-06-19
,,
강원,0,2020-06-19
,,
경기,11,2020-06-19
,,
세종,0,2020-06-19
,,
울산,0,2020-06-19
,,
대전,6,2020-06-19
,,
광주,0,2020-06-19
,,
인천,0,2020-06-19
,,
대구,0,2020-06-19
,,
부산,0,2020-06-19
,,
서울,18,2020-06-19
,,
합계,49,2020-06-19
,,
검역,4,2020-06-18
,,
제주,0,2020-06-18
,,
경남,0,2020-06-18
,,
경북,0,2020-06-18
,,
전남,0,2020-06-18
,,
전북,1,2020-06-18
,,
충남,3,2020-06-18
,,
충북,0,2020-06-18
,,
강원,0,2020-06-18
,,
경기,16,2020-06-18
,,
세종,1,2020-06-18
,,
울산,0,2020-06-18
,,
대전,7,2020-06-18
,,
광주,0,2020-06-18
,,
인천,1,2020-06-18
,,
대구,1,2020-06-18
,,
부산,0,2020-06-18
,,
서울,25,2020-06-18
,,
합계,59,2020-06-18
,,
검역,7,2020-06-17
,,
제주,1,2020-06-17
,,
경남,0,2020-06-17
,,
경북,0,2020-06-17
,,
전남,0,2020-06-17
,,
전북,0,2020-06-17
,,
충남,1,2020-06-17
,,
충북,0,2020-06-17
,,
강원,0,2020-06-17
,,
경기,13,2020-06-17
,,
세종,0,2020-06-17
,,
울산,0,2020-06-17
,,
대전,5,2020-06-17
,,
광주,0,2020-06-17
,,
인천,2,2020-06-17
,,
대구,1,2020-06-17
,,
부산,0,2020-06-17
,,
서울,13,2020-06-17
,,
합계,43,2020-06-17
,,
검역,9,2020-06-16
,,
제주,0,2020-06-16
,,
경남,2,2020-06-16
,,
경북,0,2020-06-16
,,
전남,0,2020-06-16
,,
전북,0,2020-06-16
,,
충남,0,2020-06-16
,,
충북,0,2020-06-16
,,
강원,0,2020-06-16
,,
경기,5,2020-06-16
,,
세종,0,2020-06-16
,,
울산,0,2020-06-16
,,
대전,3,2020-06-16
,,
광주,0,2020-06-16
,,
인천,2,2020-06-16
,,
대구,0,2020-06-16
,,
부산,1,2020-06-16
,,
서울,12,2020-06-16
,,
합계,34,2020-06-16
,,
검역,7,2020-06-15
,,
제주,0,2020-06-15
,,
경남,3,2020-06-15
,,
경북,0,2020-06-15
,,
전남,0,2020-06-15
,,
전북,0,2020-06-15
,,
충남,2,2020-06-15
,,
충북,0,2020-06-15
,,
강원,0,2020-06-15
,,
경기,10,2020-06-15
,,
세종,0,2020-06-15
,,
울산,0,2020-06-15
,,
대전,0,2020-06-15
,,
광주,0,2020-06-15
,,
인천,8,2020-06-15
,,
대구,0,2020-06-15
,,
부산,0,2020-06-15
,,
서울,7,2020-06-15
,,
합계,37,2020-06-15
,,
검역,1,2020-06-14
,,
제주,0,2020-06-14
,,
경남,0,2020-06-14
,,
경북,0,2020-06-14
,,
전남,0,2020-06-14
,,
전북,0,2020-06-14
,,
충남,0,2020-06-14
,,
충북,0,2020-06-14
,,
강원,1,2020-06-14
,,
경기,10,2020-06-14
,,
세종,0,2020-06-14
,,
울산,0,2020-06-14
,,
대전,0,2020-06-14
,,
광주,0,2020-06-14
,,
인천,8,2020-06-14
,,
대구,2,2020-06-14
,,
부산,0,2020-06-14
,,
서울,12,2020-06-14
,,
합계,34,2020-06-14
,,
검역,1,2020-06-13
,,
제주,0,2020-06-13
,,
경남,0,2020-06-13
,,
경북,0,2020-06-13
,,
전남,0,2020-06-13
,,
전북,0,2020-06-13
,,
충남,1,2020-06-13
,,
충북,0,2020-06-13
,,
강원,0,2020-06-13
,,
경기,14,2020-06-13
,,
세종,0,2020-06-13
,,
울산,0,2020-06-13
,,
대전,0,2020-06-13
,,
광주,0,2020-06-13
,,
인천,1,2020-06-13
,,
대구,3,2020-06-13
,,
부산,0,2020-06-13
,,
서울,29,2020-06-13
,,
합계,49,2020-06-13
,,
검역,10,2020-06-12
,,
제주,0,2020-06-12
,,
경남,0,2020-06-12
,,
경북,0,2020-06-12
,,
전남,0,2020-06-12
,,
전북,0,2020-06-12
,,
충남,0,2020-06-12
,,
충북,0,2020-06-12
,,
강원,0,2020-06-12
,,
경기,19,2020-06-12
,,
세종,0,2020-06-12
,,
울산,0,2020-06-12
,,
대전,0,2020-06-12
,,
광주,0,2020-06-12
,,
인천,1,2020-06-12
,,
대구,1,2020-06-12
,,
부산,0,2020-06-12
,,
서울,25,2020-06-12
,,
합계,56,2020-06-12
,,
검역,2,2020-06-11
,,
제주,0,2020-06-11
,,
경남,0,2020-06-11
,,
경북,0,2020-06-11
,,
전남,0,2020-06-11
,,
전북,0,2020-06-11
,,
충남,0,2020-06-11
,,
충북,0,2020-06-11
,,
강원,0,2020-06-11
,,
경기,16,2020-06-11
,,
세종,0,2020-06-11
,,
울산,0,2020-06-11
,,
대전,0,2020-06-11
,,
광주,0,2020-06-11
,,
인천,6,2020-06-11
,,
대구,0,2020-06-11
,,
부산,0,2020-06-11
,,
서울,21,2020-06-11
,,
합계,45,2020-06-11
,,
검역,6,2020-06-10
,,
제주,0,2020-06-10
,,
경남,2,2020-06-10
,,
경북,0,2020-06-10
,,
전남,0,2020-06-10
,,
전북,0,2020-06-10
,,
충남,0,2020-06-10
,,
충북,0,2020-06-10
,,
강원,1,2020-06-10
,,
경기,21,2020-06-10
,,
세종,0,2020-06-10
,,
울산,0,2020-06-10
,,
대전,0,2020-06-10
,,
광주,0,2020-06-10
,,
인천,8,2020-06-10
,,
대구,0,2020-06-10
,,
부산,0,2020-06-10
,,
서울,12,2020-06-10
,,
합계,50,2020-06-10
,,
검역,0,2020-06-09
,,
제주,0,2020-06-09
,,
경남,1,2020-06-09
,,
경북,0,2020-06-09
,,
전남,0,2020-06-09
,,
전북,0,2020-06-09
,,
충남,2,2020-06-09
,,
충북,0,2020-06-09
,,
강원,0,2020-06-09
,,
경기,13,2020-06-09
,,
세종,0,2020-06-09
,,
울산,0,2020-06-09
,,
대전,0,2020-06-09
,,
광주,0,2020-06-09
,,
인천,3,2020-06-09
,,
대구,0,2020-06-09
,,
부산,0,2020-06-09
,,
서울,19,2020-06-09
,,
합계,38,2020-06-09
,,
검역,3,2020-06-08
,,
제주,0,2020-06-08
,,
경남,0,2020-06-08
,,
경북,0,2020-06-08
,,
전남,0,2020-06-08
,,
전북,0,2020-06-08
,,
충남,0,2020-06-08
,,
충북,0,2020-06-08
,,
강원,0,2020-06-08
,,
경기,8,2020-06-08
,,
세종,0,2020-06-08
,,
울산,0,2020-06-08
,,
대전,0,2020-06-08
,,
광주,0,2020-06-08
,,
인천,4,2020-06-08
,,
대구,1,2020-06-08
,,
부산,0,2020-06-08
,,
서울,22,2020-06-08
,,
합계,38,2020-06-08
,,
검역,2,2020-06-07
,,
제주,0,2020-06-07
,,
경남,0,2020-06-07
,,
경북,0,2020-06-07
,,
전남,0,2020-06-07
,,
전북,0,2020-06-07
,,
충남,0,2020-06-07
,,
충북,1,2020-06-07
,,
강원,0,2020-06-07
,,
경기,19,2020-06-07
,,
세종,0,2020-06-07
,,
울산,1,2020-06-07
,,
대전,0,2020-06-07
,,
광주,0,2020-06-07
,,
인천,6,2020-06-07
,,
대구,1,2020-06-07
,,
부산,0,2020-06-07
,,
서울,27,2020-06-07
,,
합계,57,2020-06-07
,,
검역,5,2020-06-05
,,
제주,0,2020-06-05
,,
경남,1,2020-06-05
,,
경북,1,2020-06-05
,,
전남,0,2020-06-05
,,
전북,0,2020-06-05
,,
충남,1,2020-06-05
,,
충북,0,2020-06-05
,,
강원,1,2020-06-05
,,
경기,8,2020-06-05
,,
세종,0,2020-06-05
,,
울산,0,2020-06-05
,,
대전,0,2020-06-05
,,
광주,0,2020-06-05
,,
인천,11,2020-06-05
,,
대구,0,2020-06-05
,,
부산,0,2020-06-05
,,
서울,23,2020-06-05
,,
합계,51,2020-06-05
,,
검역,1,2020-06-05
,,
제주,0,2020-06-05
,,
경남,0,2020-06-05
,,
경북,2,2020-06-05
,,
전남,0,2020-06-05
,,
전북,0,2020-06-05
,,
충남,1,2020-06-05
,,
충북,0,2020-06-05
,,
강원,0,2020-06-05
,,
경기,13,2020-06-05
,,
세종,0,2020-06-05
,,
울산,0,2020-06-05
,,
대전,0,2020-06-05
,,
광주,0,2020-06-05
,,
인천,6,2020-06-05
,,
대구,1,2020-06-05
,,
부산,0,2020-06-05
,,
서울,15,2020-06-05
,,
합계,39,2020-06-05
,,
검역,2,2020-06-04
,,
제주,0,2020-06-04
,,
경남,0,2020-06-04
,,
경북,1,2020-06-04
,,
전남,0,2020-06-04
,,
전북,0,2020-06-04
,,
충남,0,2020-06-04
,,
충북,0,2020-06-04
,,
강원,0,2020-06-04
,,
경기,15,2020-06-04
,,
세종,0,2020-06-04
,,
울산,0,2020-06-04
,,
대전,0,2020-06-04
,,
광주,0,2020-06-04
,,
인천,7,2020-06-04
,,
대구,0,2020-06-04
,,
부산,0,2020-06-04
,,
서울,14,2020-06-04
,,
합계,39,2020-06-04
,,
검역,0,2020-06-03
,,
제주,0,2020-06-03
,,
경남,0,2020-06-03
,,
경북,0,2020-06-03
,,
전남,0,2020-06-03
,,
전북,0,2020-06-03
,,
충남,0,2020-06-03
,,
충북,0,2020-06-03
,,
강원,0,2020-06-03
,,
경기,12,2020-06-03
,,
세종,0,2020-06-03
,,
울산,0,2020-06-03
,,
대전,0,2020-06-03
,,
광주,0,2020-06-03
,,
인천,17,2020-06-03
,,
대구,1,2020-06-03
,,
부산,0,2020-06-03
,,
서울,19,2020-06-03
,,
합계,49,2020-06-03
,,
검역,1,2020-06-02
,,
제주,0,2020-06-02
,,
경남,0,2020-06-02
,,
경북,0,2020-06-02
,,
전남,0,2020-06-02
,,
전북,0,2020-06-02
,,
충남,0,2020-06-02
,,
충북,0,2020-06-02
,,
강원,0,2020-06-02
,,
경기,15,2020-06-02
,,
세종,0,2020-06-02
,,
울산,0,2020-06-02
,,
대전,0,2020-06-02
,,
광주,0,2020-06-02
,,
인천,8,2020-06-02
,,
대구,0,2020-06-02
,,
부산,0,2020-06-02
,,
서울,14,2020-06-02
,,
합계,38,2020-06-02
,,
검역,2,2020-06-01
,,
제주,0,2020-06-01
,,
경남,0,2020-06-01
,,
경북,0,2020-06-01
,,
전남,1,2020-06-01
,,
전북,0,2020-06-01
,,
충남,0,2020-06-01
,,
충북,0,2020-06-01
,,
강원,0,2020-06-01
,,
경기,12,2020-06-01
,,
세종,0,2020-06-01
,,
울산,0,2020-06-01
,,
대전,0,2020-06-01
,,
광주,0,2020-06-01
,,
인천,18,2020-06-01
,,
대구,1,2020-06-01
,,
부산,0,2020-06-01
,,
서울,1,2020-06-01
,,
합계,35,2020-06-01
,,
검역,0,2020-05-31
,,
제주,1,2020-05-31
,,
경남,0,2020-05-31
,,
경북,0,2020-05-31
,,
전남,0,2020-05-31
,,
전북,0,2020-05-31
,,
충남,0,2020-05-31
,,
충북,0,2020-05-31
,,
강원,0,2020-05-31
,,
경기,12,2020-05-31
,,
세종,0,2020-05-31
,,
울산,2,2020-05-31
,,
대전,1,2020-05-31
,,
광주,0,2020-05-31
,,
인천,3,2020-05-31
,,
대구,1,2020-05-31
,,
부산,1,2020-05-31
,,
서울,6,2020-05-31
,,
합계,27,2020-05-31
,,
검역,5,2020-05-30
,,
제주,0,2020-05-30
,,
경남,0,2020-05-30
,,
경북,0,2020-05-30
,,
전남,1,2020-05-30
,,
전북,0,2020-05-30
,,
충남,0,2020-05-30
,,
충북,0,2020-05-30
,,
강원,1,2020-05-30
,,
경기,13,2020-05-30
,,
세종,0,2020-05-30
,,
울산,0,2020-05-30
,,
대전,0,2020-05-30
,,
광주,2,2020-05-30
,,
인천,5,2020-05-30
,,
대구,2,2020-05-30
,,
부산,1,2020-05-30
,,
서울,9,2020-05-30
,,
합계,39,2020-05-30
,,
검역,0,2020-05-29
,,
제주,0,2020-05-29
,,
경남,0,2020-05-29
,,
경북,0,2020-05-29
,,
전남,0,2020-05-29
,,
전북,0,2020-05-29
,,
충남,0,2020-05-29
,,
충북,0,2020-05-29
,,
강원,0,2020-05-29
,,
경기,20,2020-05-29
,,
세종,0,2020-05-29
,,
울산,0,2020-05-29
,,
대전,0,2020-05-29
,,
광주,0,2020-05-29
,,
인천,18,2020-05-29
,,
대구,0,2020-05-29
,,
부산,0,2020-05-29
,,
서울,20,2020-05-29
,,
합계,58,2020-05-29
,,
검역,7,2020-05-28
,,
제주,0,2020-05-28
,,
경남,0,2020-05-28
,,
경북,1,2020-05-28
,,
전남,0,2020-05-28
,,
전북,0,2020-05-28
,,
충남,1,2020-05-28
,,
충북,0,2020-05-28
,,
강원,0,2020-05-28
,,
경기,21,2020-05-28
,,
세종,0,2020-05-28
,,
울산,0,2020-05-28
,,
대전,0,2020-05-28
,,
광주,0,2020-05-28
,,
인천,22,2020-05-28
,,
대구,2,2020-05-28
,,
부산,1,2020-05-28
,,
서울,24,2020-05-28
,,
합계,79,2020-05-28
,,
검역,1,2020-05-27
,,
제주,0,2020-05-27
,,
경남,0,2020-05-27
,,
경북,0,2020-05-27
,,
전남,0,2020-05-27
,,
전북,0,2020-05-27
,,
충남,0,2020-05-27
,,
충북,0,2020-05-27
,,
강원,0,2020-05-27
,,
경기,6,2020-05-27
,,
세종,0,2020-05-27
,,
울산,0,2020-05-27
,,
대전,0,2020-05-27
,,
광주,0,2020-05-27
,,
인천,11,2020-05-27
,,
대구,3,2020-05-27
,,
부산,0,2020-05-27
,,
서울,19,2020-05-27
,,
합계,40,2020-05-27
,,
검역,2,2020-05-26
,,
제주,0,2020-05-26
,,
경남,0,2020-05-26
,,
경북,1,2020-05-26
,,
전남,0,2020-05-26
,,
전북,0,2020-05-26
,,
충남,0,2020-05-26
,,
충북,1,2020-05-26
,,
강원,0,2020-05-26
,,
경기,2,2020-05-26
,,
세종,0,2020-05-26
,,
울산,0,2020-05-26
,,
대전,0,2020-05-26
,,
광주,0,2020-05-26
,,
인천,3,2020-05-26
,,
대구,1,2020-05-26
,,
부산,0,2020-05-26
,,
서울,9,2020-05-26
,,
합계,19,2020-05-26
,,
검역,1,2020-05-25
,,
제주,0,2020-05-25
,,
경남,0,2020-05-25
,,
경북,1,2020-05-25
,,
전남,0,2020-05-25
,,
전북,0,2020-05-25
,,
충남,0,2020-05-25
,,
충북,0,2020-05-25
,,
강원,0,2020-05-25
,,
경기,6,2020-05-25
,,
세종,0,2020-05-25
,,
울산,0,2020-05-25
,,
대전,0,2020-05-25
,,
광주,0,2020-05-25
,,
인천,1,2020-05-25
,,
대구,1,2020-05-25
,,
부산,0,2020-05-25
,,
서울,6,2020-05-25
,,
합계,16,2020-05-25
,,
검역,4,2020-05-24
,,
제주,0,2020-05-24
,,
경남,0,2020-05-24
,,
경북,6,2020-05-24
,,
전남,0,2020-05-24
,,
전북,0,2020-05-24
,,
충남,0,2020-05-24
,,
충북,0,2020-05-24
,,
강원,1,2020-05-24
,,
경기,6,2020-05-24
,,
세종,0,2020-05-24
,,
울산,0,2020-05-24
,,
대전,0,2020-05-24
,,
광주,0,2020-05-24
,,
인천,2,2020-05-24
,,
대구,0,2020-05-24
,,
부산,0,2020-05-24
,,
서울,6,2020-05-24
,,
합계,25,2020-05-24
,,
검역,3,2020-05-23
,,
제주,0,2020-05-23
,,
경남,1,2020-05-23
,,
경북,0,2020-05-23
,,
전남,0,2020-05-23
,,
전북,0,2020-05-23
,,
충남,0,2020-05-23
,,
충북,0,2020-05-23
,,
강원,0,2020-05-23
,,
경기,13,2020-05-23
,,
세종,0,2020-05-23
,,
울산,0,2020-05-23
,,
대전,1,2020-05-23
,,
광주,0,2020-05-23
,,
인천,0,2020-05-23
,,
대구,1,2020-05-23
,,
부산,0,2020-05-23
,,
서울,4,2020-05-23
,,
합계,23,2020-05-23
,,
검역,7,2020-05-22
,,
제주,0,2020-05-22
,,
경남,1,2020-05-22
,,
경북,2,2020-05-22
,,
전남,0,2020-05-22
,,
전북,0,2020-05-22
,,
충남,0,2020-05-22
,,
충북,0,2020-05-22
,,
강원,0,2020-05-22
,,
경기,6,2020-05-22
,,
세종,0,2020-05-22
,,
울산,1,2020-05-22
,,
대전,0,2020-05-22
,,
광주,0,2020-05-22
,,
인천,1,2020-05-22
,,
대구,0,2020-05-22
,,
부산,0,2020-05-22
,,
서울,2,2020-05-22
,,
합계,20,2020-05-22
,,
검역,1,2020-05-21
,,
제주,0,2020-05-21
,,
경남,0,2020-05-21
,,
경북,0,2020-05-21
,,
전남,0,2020-05-21
,,
전북,0,2020-05-21
,,
충남,1,2020-05-21
,,
충북,0,2020-05-21
,,
강원,0,2020-05-21
,,
경기,0,2020-05-21
,,
세종,0,2020-05-21
,,
울산,0,2020-05-21
,,
대전,0,2020-05-21
,,
광주,0,2020-05-21
,,
인천,6,2020-05-21
,,
대구,0,2020-05-21
,,
부산,0,2020-05-21
,,
서울,4,2020-05-21
,,
합계,12,2020-05-21
,,
검역,2,2020-05-20
,,
제주,0,2020-05-20
,,
경남,0,2020-05-20
,,
경북,0,2020-05-20
,,
전남,0,2020-05-20
,,
전북,1,2020-05-20
,,
충남,0,2020-05-20
,,
충북,0,2020-05-20
,,
강원,0,2020-05-20
,,
경기,10,2020-05-20
,,
세종,0,2020-05-20
,,
울산,0,2020-05-20
,,
대전,0,2020-05-20
,,
광주,0,2020-05-20
,,
인천,8,2020-05-20
,,
대구,1,2020-05-20
,,
부산,0,2020-05-20
,,
서울,10,2020-05-20
,,
합계,32,2020-05-20
,,
검역,0,2020-05-19
,,
제주,0,2020-05-19
,,
경남,0,2020-05-19
,,
경북,0,2020-05-19
,,
전남,0,2020-05-19
,,
전북,0,2020-05-19
,,
충남,0,2020-05-19
,,
충북,0,2020-05-19
,,
강원,0,2020-05-19
,,
경기,1,2020-05-19
,,
세종,0,2020-05-19
,,
울산,4,2020-05-19
,,
대전,0,2020-05-19
,,
광주,0,2020-05-19
,,
인천,2,2020-05-19
,,
대구,0,2020-05-19
,,
부산,0,2020-05-19
,,
서울,6,2020-05-19
,,
합계,13,2020-05-19
,,
검역,7,2020-05-18
,,
제주,0,2020-05-18
,,
경남,0,2020-05-18
,,
경북,0,2020-05-18
,,
전남,0,2020-05-18
,,
전북,0,2020-05-18
,,
충남,0,2020-05-18
,,
충북,3,2020-05-18
,,
강원,0,2020-05-18
,,
경기,3,2020-05-18
,,
세종,0,2020-05-18
,,
울산,0,2020-05-18
,,
대전,0,2020-05-18
,,
광주,0,2020-05-18
,,
인천,0,2020-05-18
,,
대구,1,2020-05-18
,,
부산,0,2020-05-18
,,
서울,1,2020-05-18
,,
합계,15,2020-05-18
,,
검역,4,2020-05-17
,,
제주,0,2020-05-17
,,
경남,2,2020-05-17
,,
경북,0,2020-05-17
,,
전남,0,2020-05-17
,,
전북,0,2020-05-17
,,
충남,0,2020-05-17
,,
충북,0,2020-05-17
,,
강원,0,2020-05-17
,,
경기,0,2020-05-17
,,
세종,0,2020-05-17
,,
울산,0,2020-05-17
,,
대전,1,2020-05-17
,,
광주,0,2020-05-17
,,
인천,0,2020-05-17
,,
대구,1,2020-05-17
,,
부산,0,2020-05-17
,,
서울,5,2020-05-17
,,
합계,13,2020-05-17
,,
검역,8,2020-05-16
,,
제주,0,2020-05-16
,,
경남,0,2020-05-16
,,
경북,0,2020-05-16
,,
전남,0,2020-05-16
,,
전북,0,2020-05-16
,,
충남,0,2020-05-16
,,
충북,1,2020-05-16
,,
강원,0,2020-05-16
,,
경기,4,2020-05-16
,,
세종,0,2020-05-16
,,
울산,0,2020-05-16
,,
대전,0,2020-05-16
,,
광주,0,2020-05-16
,,
인천,0,2020-05-16
,,
대구,1,2020-05-16
,,
부산,0,2020-05-16
,,
서울,5,2020-05-16
,,
합계,19,2020-05-16
,,
검역,1,2020-05-15
,,
제주,0,2020-05-15
,,
경남,0,2020-05-15
,,
경북,0,2020-05-15
,,
전남,1,2020-05-15
,,
전북,0,2020-05-15
,,
충남,0,2020-05-15
,,
충북,0,2020-05-15
,,
강원,0,2020-05-15
,,
경기,3,2020-05-15
,,
세종,0,2020-05-15
,,
울산,0,2020-05-15
,,
대전,0,2020-05-15
,,
광주,0,2020-05-15
,,
인천,5,2020-05-15
,,
대구,3,2020-05-15
,,
부산,0,2020-05-15
,,
서울,14,2020-05-15
,,
합계,27,2020-05-15
,,
검역,0,2020-05-14
,,
제주,0,2020-05-14
,,
경남,0,2020-05-14
,,
경북,1,2020-05-14
,,
전남,1,2020-05-14
,,
전북,0,2020-05-14
,,
충남,1,2020-05-14
,,
충북,3,2020-05-14
,,
강원,1,2020-05-14
,,
경기,6,2020-05-14
,,
세종,0,2020-05-14
,,
울산,0,2020-05-14
,,
대전,0,2020-05-14
,,
광주,0,2020-05-14
,,
인천,12,2020-05-14
,,
대구,0,2020-05-14
,,
부산,0,2020-05-14
,,
서울,4,2020-05-14
,,
합계,29,2020-05-14
,,
검역,1,2020-05-13
,,
제주,0,2020-05-13
,,
경남,1,2020-05-13
,,
경북,0,2020-05-13
,,
전남,0,2020-05-13
,,
전북,1,2020-05-13
,,
충남,0,2020-05-13
,,
충북,0,2020-05-13
,,
강원,0,2020-05-13
,,
경기,2,2020-05-13
,,
세종,0,2020-05-13
,,
울산,1,2020-05-13
,,
대전,0,2020-05-13
,,
광주,0,2020-05-13
,,
인천,2,2020-05-13
,,
대구,3,2020-05-13
,,
부산,3,2020-05-13
,,
서울,12,2020-05-13
,,
합계,26,2020-05-13
,,
검역,1,2020-05-12
,,
제주,0,2020-05-12
,,
경남,1,2020-05-12
,,
경북,1,2020-05-12
,,
전남,0,2020-05-12
,,
전북,0,2020-05-12
,,
충남,0,2020-05-12
,,
충북,0,2020-05-12
,,
강원,0,2020-05-12
,,
경기,8,2020-05-12
,,
세종,0,2020-05-12
,,
울산,0,2020-05-12
,,
대전,2,2020-05-12
,,
광주,0,2020-05-12
,,
인천,1,2020-05-12
,,
대구,1,2020-05-12
,,
부산,0,2020-05-12
,,
서울,12,2020-05-12
,,
합계,27,2020-05-12
,,
검역,3,2020-05-11
,,
제주,0,2020-05-11
,,
경남,0,2020-05-11
,,
경북,0,2020-05-11
,,
전남,0,2020-05-11
,,
전북,0,2020-05-11
,,
충남,0,2020-05-11
,,
충북,3,2020-05-11
,,
강원,1,2020-05-11
,,
경기,4,2020-05-11
,,
세종,1,2020-05-11
,,
울산,0,2020-05-11
,,
대전,0,2020-05-11
,,
광주,0,2020-05-11
,,
인천,3,2020-05-11
,,
대구,0,2020-05-11
,,
부산,0,2020-05-11
,,
서울,20,2020-05-11
,,
합계,35,2020-05-11
,,
검역,6,2020-05-10
,,
제주,1,2020-05-10
,,
경남,0,2020-05-10
,,
경북,0,2020-05-10
,,
전남,0,2020-05-10
,,
전북,0,2020-05-10
,,
충남,0,2020-05-10
,,
충북,2,2020-05-10
,,
강원,0,2020-05-10
,,
경기,6,2020-05-10
,,
세종,0,2020-05-10
,,
울산,0,2020-05-10
,,
대전,0,2020-05-10
,,
광주,0,2020-05-10
,,
인천,3,2020-05-10
,,
대구,2,2020-05-10
,,
부산,0,2020-05-10
,,
서울,14,2020-05-10
,,
합계,34,2020-05-10
,,
검역,0,2020-05-09
,,
제주,0,2020-05-09
,,
경남,0,2020-05-09
,,
경북,0,2020-05-09
,,
전남,0,2020-05-09
,,
전북,0,2020-05-09
,,
충남,0,2020-05-09
,,
충북,0,2020-05-09
,,
강원,0,2020-05-09
,,
경기,4,2020-05-09
,,
세종,0,2020-05-09
,,
울산,0,2020-05-09
,,
대전,0,2020-05-09
,,
광주,0,2020-05-09
,,
인천,1,2020-05-09
,,
대구,0,2020-05-09
,,
부산,1,2020-05-09
,,
서울,12,2020-05-09
,,
합계,18,2020-05-09
,,
검역,3,2020-05-08
,,
제주,0,2020-05-08
,,
경남,0,2020-05-08
,,
경북,0,2020-05-08
,,
전남,0,2020-05-08
,,
전북,1,2020-05-08
,,
충남,0,2020-05-08
,,
충북,1,2020-05-08
,,
강원,0,2020-05-08
,,
경기,2,2020-05-08
,,
세종,0,2020-05-08
,,
울산,0,2020-05-08
,,
대전,0,2020-05-08
,,
광주,0,2020-05-08
,,
인천,0,2020-05-08
,,
대구,3,2020-05-08
,,
부산,2,2020-05-08
,,
서울,0,2020-05-08
,,
합계,12,2020-05-08
,,
검역,1,2020-05-07
,,
제주,0,2020-05-07
,,
경남,0,2020-05-07
,,
경북,0,2020-05-07
,,
전남,0,2020-05-07
,,
전북,0,2020-05-07
,,
충남,0,2020-05-07
,,
충북,1,2020-05-07
,,
강원,0,2020-05-07
,,
경기,1,2020-05-07
,,
세종,0,2020-05-07
,,
울산,0,2020-05-07
,,
대전,1,2020-05-07
,,
광주,0,2020-05-07
,,
인천,0,2020-05-07
,,
대구,0,2020-05-07
,,
부산,0,2020-05-07
,,
서울,0,2020-05-07
,,
합계,4,2020-05-07
,,
검역,2,2020-05-06
,,
제주,0,2020-05-06
,,
경남,0,2020-05-06
,,
경북,0,2020-05-06
,,
전남,0,2020-05-06
,,
전북,0,2020-05-06
,,
충남,0,2020-05-06
,,
충북,0,2020-05-06
,,
강원,0,2020-05-06
,,
경기,0,2020-05-06
,,
세종,0,2020-05-06
,,
울산,0,2020-05-06
,,
대전,0,2020-05-06
,,
광주,0,2020-05-06
,,
인천,0,2020-05-06
,,
대구,0,2020-05-06
,,
부산,0,2020-05-06
,,
서울,0,2020-05-06
,,
합계,2,2020-05-06
,,
검역,2,2020-05-05
,,
제주,0,2020-05-05
,,
경남,0,2020-05-05
,,
경북,0,2020-05-05
,,
전남,0,2020-05-05
,,
전북,0,2020-05-05
,,
충남,0,2020-05-05
,,
충북,0,2020-05-05
,,
강원,0,2020-05-05
,,
경기,0,2020-05-05
,,
세종,0,2020-05-05
,,
울산,0,2020-05-05
,,
대전,0,2020-05-05
,,
광주,0,2020-05-05
,,
인천,1,2020-05-05
,,
대구,0,2020-05-05
,,
부산,0,2020-05-05
,,
서울,0,2020-05-05
,,
합계,3,2020-05-05
,,
검역,4,2020-05-04
,,
제주,0,2020-05-04
,,
경남,0,2020-05-04
,,
경북,0,2020-05-04
,,
전남,1,2020-05-04
,,
전북,0,2020-05-04
,,
충남,0,2020-05-04
,,
충북,0,2020-05-04
,,
강원,0,2020-05-04
,,
경기,1,2020-05-04
,,
세종,0,2020-05-04
,,
울산,1,2020-05-04
,,
대전,0,2020-05-04
,,
광주,0,2020-05-04
,,
인천,1,2020-05-04
,,
대구,0,2020-05-04
,,
부산,0,2020-05-04
,,
서울,0,2020-05-04
,,
합계,8,2020-05-04
,,
검역,5,2020-05-03
,,
제주,0,2020-05-03
,,
경남,0,2020-05-03
,,
경북,0,2020-05-03
,,
전남,0,2020-05-03
,,
전북,0,2020-05-03
,,
충남,0,2020-05-03
,,
충북,0,2020-05-03
,,
강원,0,2020-05-03
,,
경기,2,2020-05-03
,,
세종,0,2020-05-03
,,
울산,0,2020-05-03
,,
대전,0,2020-05-03
,,
광주,0,2020-05-03
,,
인천,0,2020-05-03
,,
대구,4,2020-05-03
,,
부산,0,2020-05-03
,,
서울,2,2020-05-03
,,
합계,13,2020-05-03
,,
검역,3,2020-05-02
,,
제주,0,2020-05-02
,,
경남,0,2020-05-02
,,
경북,0,2020-05-02
,,
전남,0,2020-05-02
,,
전북,0,2020-05-02
,,
충남,0,2020-05-02
,,
충북,0,2020-05-02
,,
강원,0,2020-05-02
,,
경기,0,2020-05-02
,,
세종,0,2020-05-02
,,
울산,0,2020-05-02
,,
대전,0,2020-05-02
,,
광주,0,2020-05-02
,,
인천,1,2020-05-02
,,
대구,0,2020-05-02
,,
부산,1,2020-05-02
,,
서울,1,2020-05-02
,,
합계,6,2020-05-02
,,
검역,4,2020-05-01
,,
제주,0,2020-05-01
,,
경남,0,2020-05-01
,,
경북,1,2020-05-01
,,
전남,0,2020-05-01
,,
전북,0,2020-05-01
,,
충남,0,2020-05-01
,,
충북,0,2020-05-01
,,
강원,0,2020-05-01
,,
경기,2,2020-05-01
,,
세종,0,2020-05-01
,,
울산,0,2020-05-01
,,
대전,0,2020-05-01
,,
광주,0,2020-05-01
,,
인천,1,2020-05-01
,,
대구,0,2020-05-01
,,
부산,0,2020-05-01
,,
서울,1,2020-05-01
,,
합계,9,2020-05-01
,,
검역,4,2020-04-30
,,
제주,0,2020-04-30
,,
경남,0,2020-04-30
,,
경북,0,2020-04-30
,,
전남,0,2020-04-30
,,
전북,0,2020-04-30
,,
충남,0,2020-04-30
,,
충북,0,2020-04-30
,,
강원,0,2020-04-30
,,
경기,0,2020-04-30
,,
세종,0,2020-04-30
,,
울산,0,2020-04-30
,,
대전,0,2020-04-30
,,
광주,0,2020-04-30
,,
인천,0,2020-04-30
,,
대구,0,2020-04-30
,,
부산,0,2020-04-30
,,
서울,0,2020-04-30
,,
합계,4,2020-04-30
,,
검역,3,2020-04-29
,,
제주,0,2020-04-29
,,
경남,0,2020-04-29
,,
경북,0,2020-04-29
,,
전남,0,2020-04-29
,,
전북,0,2020-04-29
,,
충남,1,2020-04-29
,,
충북,0,2020-04-29
,,
강원,0,2020-04-29
,,
경기,2,2020-04-29
,,
세종,0,2020-04-29
,,
울산,0,2020-04-29
,,
대전,0,2020-04-29
,,
광주,0,2020-04-29
,,
인천,0,2020-04-29
,,
대구,3,2020-04-29
,,
부산,0,2020-04-29
,,
서울,0,2020-04-29
,,
합계,9,2020-04-29
,,
검역,3,2020-04-28
,,
제주,0,2020-04-28
,,
경남,0,2020-04-28
,,
경북,1,2020-04-28
,,
전남,0,2020-04-28
,,
전북,0,2020-04-28
,,
충남,0,2020-04-28
,,
충북,0,2020-04-28
,,
강원,0,2020-04-28
,,
경기,3,2020-04-28
,,
세종,0,2020-04-28
,,
울산,0,2020-04-28
,,
대전,0,2020-04-28
,,
광주,0,2020-04-28
,,
인천,1,2020-04-28
,,
대구,2,2020-04-28
,,
부산,0,2020-04-28
,,
서울,4,2020-04-28
,,
합계,14,2020-04-28
,,
검역,5,2020-04-27
,,
제주,0,2020-04-27
,,
경남,0,2020-04-27
,,
경북,0,2020-04-27
,,
전남,0,2020-04-27
,,
전북,0,2020-04-27
,,
충남,1,2020-04-27
,,
충북,0,2020-04-27
,,
강원,0,2020-04-27
,,
경기,3,2020-04-27
,,
세종,0,2020-04-27
,,
울산,0,2020-04-27
,,
대전,0,2020-04-27
,,
광주,0,2020-04-27
,,
인천,0,2020-04-27
,,
대구,1,2020-04-27
,,
부산,0,2020-04-27
,,
서울,0,2020-04-27
,,
합계,10,2020-04-27
,,
검역,1,2020-04-26
,,
제주,0,2020-04-26
,,
경남,0,2020-04-26
,,
경북,0,2020-04-26
,,
전남,0,2020-04-26
,,
전북,1,2020-04-26
,,
충남,0,2020-04-26
,,
충북,0,2020-04-26
,,
강원,0,2020-04-26
,,
경기,6,2020-04-26
,,
세종,0,2020-04-26
,,
울산,0,2020-04-26
,,
대전,0,2020-04-26
,,
광주,0,2020-04-26
,,
인천,0,2020-04-26
,,
대구,1,2020-04-26
,,
부산,1,2020-04-26
,,
서울,0,2020-04-26
,,
합계,10,2020-04-26
,,
검역,4,2020-04-25
,,
제주,0,2020-04-25
,,
경남,0,2020-04-25
,,
경북,0,2020-04-25
,,
전남,0,2020-04-25
,,
전북,0,2020-04-25
,,
충남,0,2020-04-25
,,
충북,0,2020-04-25
,,
강원,0,2020-04-25
,,
경기,2,2020-04-25
,,
세종,0,2020-04-25
,,
울산,0,2020-04-25
,,
대전,0,2020-04-25
,,
광주,0,2020-04-25
,,
인천,0,2020-04-25
,,
대구,3,2020-04-25
,,
부산,0,2020-04-25
,,
서울,1,2020-04-25
,,
합계,10,2020-04-25
,,
검역,1,2020-04-24
,,
제주,0,2020-04-24
,,
경남,0,2020-04-24
,,
경북,1,2020-04-24
,,
전남,0,2020-04-24
,,
전북,0,2020-04-24
,,
충남,0,2020-04-24
,,
충북,0,2020-04-24
,,
강원,0,2020-04-24
,,
경기,1,2020-04-24
,,
세종,0,2020-04-24
,,
울산,0,2020-04-24
,,
대전,0,2020-04-24
,,
광주,0,2020-04-24
,,
인천,0,2020-04-24
,,
대구,2,2020-04-24
,,
부산,1,2020-04-24
,,
서울,0,2020-04-24
,,
합계,6,2020-04-24
,,
검역,2,2020-04-23
,,
제주,0,2020-04-23
,,
경남,0,2020-04-23
,,
경북,0,2020-04-23
,,
전남,0,2020-04-23
,,
전북,0,2020-04-23
,,
충남,0,2020-04-23
,,
충북,0,2020-04-23
,,
강원,0,2020-04-23
,,
경기,1,2020-04-23
,,
세종,0,2020-04-23
,,
울산,0,2020-04-23
,,
대전,0,2020-04-23
,,
광주,0,2020-04-23
,,
인천,0,2020-04-23
,,
대구,4,2020-04-23
,,
부산,1,2020-04-23
,,
서울,0,2020-04-23
,,
합계,8,2020-04-23
,,
검역,2,2020-04-22
,,
제주,0,2020-04-22
,,
경남,1,2020-04-22
,,
경북,2,2020-04-22
,,
전남,0,2020-04-22
,,
전북,0,2020-04-22
,,
충남,0,2020-04-22
,,
충북,0,2020-04-22
,,
강원,0,2020-04-22
,,
경기,0,2020-04-22
,,
세종,0,2020-04-22
,,
울산,0,2020-04-22
,,
대전,1,2020-04-22
,,
광주,0,2020-04-22
,,
인천,0,2020-04-22
,,
대구,1,2020-04-22
,,
부산,2,2020-04-22
,,
서울,2,2020-04-22
,,
합계,11,2020-04-22
,,
검역,3,2020-04-21
,,
제주,0,2020-04-21
,,
경남,0,2020-04-21
,,
경북,0,2020-04-21
,,
전남,0,2020-04-21
,,
전북,0,2020-04-21
,,
충남,0,2020-04-21
,,
충북,0,2020-04-21
,,
강원,0,2020-04-21
,,
경기,2,2020-04-21
,,
세종,0,2020-04-21
,,
울산,0,2020-04-21
,,
대전,0,2020-04-21
,,
광주,0,2020-04-21
,,
인천,0,2020-04-21
,,
대구,2,2020-04-21
,,
부산,0,2020-04-21
,,
서울,2,2020-04-21
,,
합계,9,2020-04-21
,,
검역,4,2020-04-20
,,
제주,0,2020-04-20
,,
경남,0,2020-04-20
,,
경북,2,2020-04-20
,,
전남,0,2020-04-20
,,
전북,0,2020-04-20
,,
충남,0,2020-04-20
,,
충북,0,2020-04-20
,,
강원,0,2020-04-20
,,
경기,2,2020-04-20
,,
세종,0,2020-04-20
,,
울산,1,2020-04-20
,,
대전,0,2020-04-20
,,
광주,0,2020-04-20
,,
인천,1,2020-04-20
,,
대구,1,2020-04-20
,,
부산,2,2020-04-20
,,
서울,0,2020-04-20
,,
합계,13,2020-04-20
,,
검역,2,2020-04-19
,,
제주,0,2020-04-19
,,
경남,0,2020-04-19
,,
경북,1,2020-04-19
,,
전남,0,2020-04-19
,,
전북,0,2020-04-19
,,
충남,0,2020-04-19
,,
충북,0,2020-04-19
,,
강원,0,2020-04-19
,,
경기,0,2020-04-19
,,
세종,0,2020-04-19
,,
울산,0,2020-04-19
,,
대전,0,2020-04-19
,,
광주,0,2020-04-19
,,
인천,1,2020-04-19
,,
대구,2,2020-04-19
,,
부산,0,2020-04-19
,,
서울,2,2020-04-19
,,
합계,8,2020-04-19
,,
검역,4,2020-04-18
,,
제주,0,2020-04-18
,,
경남,1,2020-04-18
,,
경북,2,2020-04-18
,,
전남,0,2020-04-18
,,
전북,0,2020-04-18
,,
충남,2,2020-04-18
,,
충북,0,2020-04-18
,,
강원,1,2020-04-18
,,
경기,4,2020-04-18
,,
세종,0,2020-04-18
,,
울산,0,2020-04-18
,,
대전,-1,2020-04-18
,,
광주,0,2020-04-18
,,
인천,1,2020-04-18
,,
대구,3,2020-04-18
,,
부산,0,2020-04-18
,,
서울,1,2020-04-18
,,
합계,18,2020-04-18
,,
검역,11,2020-04-17
,,
제주,0,2020-04-17
,,
경남,0,2020-04-17
,,
경북,4,2020-04-17
,,
전남,0,2020-04-17
,,
전북,0,2020-04-17
,,
충남,0,2020-04-17
,,
충북,0,2020-04-17
,,
강원,0,2020-04-17
,,
경기,1,2020-04-17
,,
세종,0,2020-04-17
,,
울산,0,2020-04-17
,,
대전,1,2020-04-17
,,
광주,2,2020-04-17
,,
인천,1,2020-04-17
,,
대구,0,2020-04-17
,,
부산,0,2020-04-17
,,
서울,2,2020-04-17
,,
합계,22,2020-04-17
,,
검역,4,2020-04-16
,,
제주,0,2020-04-16
,,
경남,0,2020-04-16
,,
경북,4,2020-04-16
,,
전남,0,2020-04-16
,,
전북,0,2020-04-16
,,
충남,0,2020-04-16
,,
충북,0,2020-04-16
,,
강원,1,2020-04-16
,,
경기,4,2020-04-16
,,
세종,0,2020-04-16
,,
울산,0,2020-04-16
,,
대전,0,2020-04-16
,,
광주,0,2020-04-16
,,
인천,0,2020-04-16
,,
대구,4,2020-04-16
,,
부산,3,2020-04-16
,,
서울,2,2020-04-16
,,
합계,22,2020-04-16
,,
검역,4,2020-04-16
,,
제주,0,2020-04-16
,,
경남,0,2020-04-16
,,
경북,4,2020-04-16
,,
전남,0,2020-04-16
,,
전북,0,2020-04-16
,,
충남,0,2020-04-16
,,
충북,0,2020-04-16
,,
강원,1,2020-04-16
,,
경기,4,2020-04-16
,,
세종,0,2020-04-16
,,
울산,0,2020-04-16
,,
대전,0,2020-04-16
,,
광주,0,2020-04-16
,,
인천,0,2020-04-16
,,
대구,4,2020-04-16
,,
부산,3,2020-04-16
,,
서울,2,2020-04-16
,,
합계,22,2020-04-16
,,
검역,4,2020-04-15
,,
제주,1,2020-04-15
,,
경남,0,2020-04-15
,,
경북,6,2020-04-15
,,
전남,0,2020-04-15
,,
전북,0,2020-04-15
,,
충남,0,2020-04-15
,,
충북,0,2020-04-15
,,
강원,2,2020-04-15
,,
경기,6,2020-04-15
,,
세종,0,2020-04-15
,,
울산,0,2020-04-15
,,
대전,0,2020-04-15
,,
광주,1,2020-04-15
,,
인천,0,2020-04-15
,,
대구,1,2020-04-15
,,
부산,1,2020-04-15
,,
서울,5,2020-04-15
,,
합계,27,2020-04-15
,,
검역,7,2020-04-14
,,
제주,0,2020-04-14
,,
경남,0,2020-04-14
,,
경북,5,2020-04-14
,,
전남,0,2020-04-14
,,
전북,0,2020-04-14
,,
충남,0,2020-04-14
,,
충북,0,2020-04-14
,,
강원,0,2020-04-14
,,
경기,8,2020-04-14
,,
세종,0,2020-04-14
,,
울산,1,2020-04-14
,,
대전,0,2020-04-14
,,
광주,0,2020-04-14
,,
인천,1,2020-04-14
,,
대구,3,2020-04-14
,,
부산,0,2020-04-14
,,
서울,2,2020-04-14
,,
합계,27,2020-04-14
,,
검역,6,2020-04-13
,,
제주,0,2020-04-13
,,
경남,0,2020-04-13
,,
경북,4,2020-04-13
,,
전남,0,2020-04-13
,,
전북,0,2020-04-13
,,
충남,0,2020-04-13
,,
충북,0,2020-04-13
,,
강원,0,2020-04-13
,,
경기,3,2020-04-13
,,
세종,0,2020-04-13
,,
울산,0,2020-04-13
,,
대전,0,2020-04-13
,,
광주,0,2020-04-13
,,
인천,1,2020-04-13
,,
대구,3,2020-04-13
,,
부산,0,2020-04-13
,,
서울,8,2020-04-13
,,
합계,25,2020-04-13
,,
검역,18,2020-04-12
,,
제주,0,2020-04-12
,,
경남,0,2020-04-12
,,
경북,3,2020-04-12
,,
전남,0,2020-04-12
,,
전북,0,2020-04-12
,,
충남,1,2020-04-12
,,
충북,0,2020-04-12
,,
강원,0,2020-04-12
,,
경기,4,2020-04-12
,,
세종,0,2020-04-12
,,
울산,0,2020-04-12
,,
대전,0,2020-04-12
,,
광주,0,2020-04-12
,,
인천,1,2020-04-12
,,
대구,2,2020-04-12
,,
부산,0,2020-04-12
,,
서울,3,2020-04-12
,,
합계,32,2020-04-12
,,
검역,18,2020-04-12
,,
제주,0,2020-04-12
,,
경남,0,2020-04-12
,,
경북,3,2020-04-12
,,
전남,0,2020-04-12
,,
전북,0,2020-04-12
,,
충남,1,2020-04-12
,,
충북,0,2020-04-12
,,
강원,0,2020-04-12
,,
경기,4,2020-04-12
,,
세종,0,2020-04-12
,,
울산,0,2020-04-12
,,
대전,0,2020-04-12
,,
광주,0,2020-04-12
,,
인천,1,2020-04-12
,,
대구,2,2020-04-12
,,
부산,0,2020-04-12
,,
서울,3,2020-04-12
,,
합계,32,2020-04-12
,,
검역,18,2020-04-12
,,
제주,0,2020-04-12
,,
경남,0,2020-04-12
,,
경북,3,2020-04-12
,,
전남,0,2020-04-12
,,
전북,0,2020-04-12
,,
충남,1,2020-04-12
,,
충북,0,2020-04-12
,,
강원,0,2020-04-12
,,
경기,4,2020-04-12
,,
세종,0,2020-04-12
,,
울산,0,2020-04-12
,,
대전,0,2020-04-12
,,
광주,0,2020-04-12
,,
인천,1,2020-04-12
,,
대구,2,2020-04-12
,,
부산,0,2020-04-12
,,
서울,3,2020-04-12
,,
합계,32,2020-04-12
,,
검역,18,2020-04-12
,,
제주,0,2020-04-12
,,
경남,0,2020-04-12
,,
경북,3,2020-04-12
,,
전남,0,2020-04-12
,,
전북,0,2020-04-12
,,
충남,1,2020-04-12
,,
충북,0,2020-04-12
,,
강원,0,2020-04-12
,,
경기,4,2020-04-12
,,
세종,0,2020-04-12
,,
울산,0,2020-04-12
,,
대전,0,2020-04-12
,,
광주,0,2020-04-12
,,
인천,1,2020-04-12
,,
대구,2,2020-04-12
,,
부산,0,2020-04-12
,,
서울,3,2020-04-12
,,
합계,32,2020-04-12
,,
검역,6,2020-04-11
,,
제주,0,2020-04-11
,,
경남,0,2020-04-11
,,
경북,3,2020-04-11
,,
전남,0,2020-04-11
,,
전북,0,2020-04-11
,,
충남,0,2020-04-11
,,
충북,0,2020-04-11
,,
강원,0,2020-04-11
,,
경기,9,2020-04-11
,,
세종,0,2020-04-11
,,
울산,1,2020-04-11
,,
대전,0,2020-04-11
,,
광주,0,2020-04-11
,,
인천,0,2020-04-11
,,
대구,7,2020-04-11
,,
부산,0,2020-04-11
,,
서울,4,2020-04-11
,,
합계,30,2020-04-11
,,
검역,4,2020-04-10
,,
제주,0,2020-04-10
,,
경남,0,2020-04-10
,,
경북,7,2020-04-10
,,
전남,0,2020-04-10
,,
전북,0,2020-04-10
,,
충남,0,2020-04-10
,,
충북,0,2020-04-10
,,
강원,0,2020-04-10
,,
경기,9,2020-04-10
,,
세종,0,2020-04-10
,,
울산,0,2020-04-10
,,
대전,0,2020-04-10
,,
광주,0,2020-04-10
,,
인천,1,2020-04-10
,,
대구,0,2020-04-10
,,
부산,1,2020-04-10
,,
서울,5,2020-04-10
,,
합계,27,2020-04-10
,,
검역,4,2020-04-10
,,
제주,0,2020-04-10
,,
경남,0,2020-04-10
,,
경북,7,2020-04-10
,,
전남,0,2020-04-10
,,
전북,0,2020-04-10
,,
충남,0,2020-04-10
,,
충북,0,2020-04-10
,,
강원,0,2020-04-10
,,
경기,9,2020-04-10
,,
세종,0,2020-04-10
,,
울산,0,2020-04-10
,,
대전,0,2020-04-10
,,
광주,0,2020-04-10
,,
인천,1,2020-04-10
,,
대구,0,2020-04-10
,,
부산,1,2020-04-10
,,
서울,5,2020-04-10
,,
합계,27,2020-04-10
,,
검역,10,2020-04-09
,,
제주,0,2020-04-09
,,
경남,2,2020-04-09
,,
경북,0,2020-04-09
,,
전남,0,2020-04-09
,,
전북,0,2020-04-09
,,
충남,1,2020-04-09
,,
충북,0,2020-04-09
,,
강원,0,2020-04-09
,,
경기,10,2020-04-09
,,
세종,0,2020-04-09
,,
울산,0,2020-04-09
,,
대전,0,2020-04-09
,,
광주,0,2020-04-09
,,
인천,0,2020-04-09
,,
대구,4,2020-04-09
,,
부산,0,2020-04-09
,,
서울,12,2020-04-09
,,
합계,39,2020-04-09
,,
검역,10,2020-04-09
,,
제주,0,2020-04-09
,,
경남,2,2020-04-09
,,
경북,0,2020-04-09
,,
전남,0,2020-04-09
,,
전북,0,2020-04-09
,,
충남,1,2020-04-09
,,
충북,0,2020-04-09
,,
강원,0,2020-04-09
,,
경기,10,2020-04-09
,,
세종,0,2020-04-09
,,
울산,0,2020-04-09
,,
대전,0,2020-04-09
,,
광주,0,2020-04-09
,,
인천,0,2020-04-09
,,
대구,4,2020-04-09
,,
부산,0,2020-04-09
,,
서울,12,2020-04-09
,,
합계,39,2020-04-09
,,
검역,10,2020-04-08
,,
제주,0,2020-04-08
,,
경남,2,2020-04-08
,,
경북,0,2020-04-08
,,
전남,0,2020-04-08
,,
전북,0,2020-04-08
,,
충남,1,2020-04-08
,,
충북,0,2020-04-08
,,
강원,0,2020-04-08
,,
경기,10,2020-04-08
,,
세종,0,2020-04-08
,,
울산,0,2020-04-08
,,
대전,0,2020-04-08
,,
광주,0,2020-04-08
,,
인천,0,2020-04-08
,,
대구,4,2020-04-08
,,
부산,0,2020-04-08
,,
서울,12,2020-04-08
,,
합계,39,2020-04-08
,,
검역,10,2020-04-09
,,
제주,0,2020-04-09
,,
경남,2,2020-04-09
,,
경북,0,2020-04-09
,,
전남,0,2020-04-09
,,
전북,0,2020-04-09
,,
충남,1,2020-04-09
,,
충북,0,2020-04-09
,,
강원,0,2020-04-09
,,
경기,10,2020-04-09
,,
세종,0,2020-04-09
,,
울산,0,2020-04-09
,,
대전,0,2020-04-09
,,
광주,0,2020-04-09
,,
인천,0,2020-04-09
,,
대구,4,2020-04-09
,,
부산,0,2020-04-09
,,
서울,12,2020-04-09
,,
합계,39,2020-04-09
,,
검역,14,2020-04-08
,,
제주,0,2020-04-08
,,
경남,1,2020-04-08
,,
경북,3,2020-04-08
,,
전남,0,2020-04-08
,,
전북,1,2020-04-08
,,
충남,0,2020-04-08
,,
충북,0,2020-04-08
,,
강원,2,2020-04-08
,,
경기,6,2020-04-08
,,
세종,0,2020-04-08
,,
울산,0,2020-04-08
,,
대전,0,2020-04-08
,,
광주,0,2020-04-08
,,
인천,4,2020-04-08
,,
대구,9,2020-04-08
,,
부산,2,2020-04-08
,,
서울,11,2020-04-08
,,
합계,53,2020-04-08
,,
검역,14,2020-04-07
,,
제주,0,2020-04-07
,,
경남,1,2020-04-07
,,
경북,1,2020-04-07
,,
전남,0,2020-04-07
,,
전북,0,2020-04-07
,,
충남,1,2020-04-07
,,
충북,0,2020-04-07
,,
강원,2,2020-04-07
,,
경기,10,2020-04-07
,,
세종,0,2020-04-07
,,
울산,0,2020-04-07
,,
대전,0,2020-04-07
,,
광주,0,2020-04-07
,,
인천,0,2020-04-07
,,
대구,13,2020-04-07
,,
부산,1,2020-04-07
,,
서울,4,2020-04-07
,,
합계,47,2020-04-07
,,
검역,7,2020-04-06
,,
제주,0,2020-04-06
,,
경남,2,2020-04-06
,,
경북,2,2020-04-06
,,
전남,0,2020-04-06
,,
전북,0,2020-04-06
,,
충남,1,2020-04-06
,,
충북,0,2020-04-06
,,
강원,0,2020-04-06
,,
경기,8,2020-04-06
,,
세종,0,2020-04-06
,,
울산,0,2020-04-06
,,
대전,2,2020-04-06
,,
광주,0,2020-04-06
,,
인천,1,2020-04-06
,,
대구,13,2020-04-06
,,
부산,0,2020-04-06
,,
서울,11,2020-04-06
,,
합계,47,2020-04-06
,,
검역,24,2020-04-05
,,
제주,3,2020-04-05
,,
경남,1,2020-04-05
,,
경북,4,2020-04-05
,,
전남,0,2020-04-05
,,
전북,1,2020-04-05
,,
충남,0,2020-04-05
,,
충북,0,2020-04-05
,,
강원,3,2020-04-05
,,
경기,10,2020-04-05
,,
세종,0,2020-04-05
,,
울산,0,2020-04-05
,,
대전,1,2020-04-05
,,
광주,1,2020-04-05
,,
인천,2,2020-04-05
,,
대구,7,2020-04-05
,,
부산,0,2020-04-05
,,
서울,24,2020-04-05
,,
합계,81,2020-04-05
,,
검역,15,2020-04-04
,,
제주,0,2020-04-04
,,
경남,1,2020-04-04
,,
경북,1,2020-04-04
,,
전남,0,2020-04-04
,,
전북,0,2020-04-04
,,
충남,1,2020-04-04
,,
충북,0,2020-04-04
,,
강원,1,2020-04-04
,,
경기,23,2020-04-04
,,
세종,0,2020-04-04
,,
울산,0,2020-04-04
,,
대전,0,2020-04-04
,,
광주,0,2020-04-04
,,
인천,3,2020-04-04
,,
대구,27,2020-04-04
,,
부산,0,2020-04-04
,,
서울,22,2020-04-04
,,
합계,94,2020-04-04
,,
검역,22,2020-04-03
,,
제주,0,2020-04-03
,,
경남,1,2020-04-03
,,
경북,5,2020-04-03
,,
전남,1,2020-04-03
,,
전북,1,2020-04-03
,,
충남,1,2020-04-03
,,
충북,1,2020-04-03
,,
강원,2,2020-04-03
,,
경기,23,2020-04-03
,,
세종,0,2020-04-03
,,
울산,0,2020-04-03
,,
대전,0,2020-04-03
,,
광주,1,2020-04-03
,,
인천,1,2020-04-03
,,
대구,9,2020-04-03
,,
부산,0,2020-04-03
,,
서울,18,2020-04-03
,,
합계,86,2020-04-03
,,
검역,18,2020-04-02
,,
제주,0,2020-04-02
,,
경남,6,2020-04-02
,,
경북,2,2020-04-02
,,
전남,2,2020-04-02
,,
전북,0,2020-04-02
,,
충남,2,2020-04-02
,,
충북,0,2020-04-02
,,
강원,1,2020-04-02
,,
경기,17,2020-04-02
,,
세종,0,2020-04-02
,,
울산,1,2020-04-02
,,
대전,0,2020-04-02
,,
광주,1,2020-04-02
,,
인천,4,2020-04-02
,,
대구,21,2020-04-02
,,
부산,0,2020-04-02
,,
서울,14,2020-04-02
,,
합계,89,2020-04-02
,,
검역,7,2020-04-01
,,
제주,0,2020-04-01
,,
경남,4,2020-04-01
,,
경북,2,2020-04-01
,,
전남,3,2020-04-01
,,
전북,1,2020-04-01
,,
충남,3,2020-04-01
,,
충북,0,2020-04-01
,,
강원,2,2020-04-01
,,
경기,23,2020-04-01
,,
세종,0,2020-04-01
,,
울산,0,2020-04-01
,,
대전,0,2020-04-01
,,
광주,4,2020-04-01
,,
인천,5,2020-04-01
,,
대구,20,2020-04-01
,,
부산,3,2020-04-01
,,
서울,24,2020-04-01
,,
합계,101,2020-04-01
,,
검역,15,2020-03-31
,,
제주,0,2020-03-31
,,
경남,1,2020-03-31
,,
경북,2,2020-03-31
,,
전남,0,2020-03-31
,,
전북,0,2020-03-31
,,
충남,1,2020-03-31
,,
충북,0,2020-03-31
,,
강원,0,2020-03-31
,,
경기,13,2020-03-31
,,
세종,0,2020-03-31
,,
울산,0,2020-03-31
,,
대전,2,2020-03-31
,,
광주,0,2020-03-31
,,
인천,6,2020-03-31
,,
대구,60,2020-03-31
,,
부산,1,2020-03-31
,,
서울,24,2020-03-31
,,
합계,125,2020-03-31
,,
검역,13,2020-03-30
,,
제주,1,2020-03-30
,,
경남,1,2020-03-30
,,
경북,11,2020-03-30
,,
전남,0,2020-03-30
,,
전북,1,2020-03-30
,,
충남,0,2020-03-30
,,
충북,3,2020-03-30
,,
강원,2,2020-03-30
,,
경기,15,2020-03-30
,,
세종,0,2020-03-30
,,
울산,0,2020-03-30
,,
대전,0,2020-03-30
,,
광주,0,2020-03-30
,,
인천,0,2020-03-30
,,
대구,14,2020-03-30
,,
부산,1,2020-03-30
,,
서울,16,2020-03-30
,,
합계,78,2020-03-30
,,
검역,21,2020-03-29
,,
제주,0,2020-03-29
,,
경남,3,2020-03-29
,,
경북,2,2020-03-29
,,
전남,1,2020-03-29
,,
전북,2,2020-03-29
,,
충남,1,2020-03-29
,,
충북,0,2020-03-29
,,
강원,2,2020-03-29
,,
경기,15,2020-03-29
,,
세종,2,2020-03-29
,,
울산,0,2020-03-29
,,
대전,3,2020-03-29
,,
광주,0,2020-03-29
,,
인천,7,2020-03-29
,,
대구,23,2020-03-29
,,
부산,3,2020-03-29
,,
서울,20,2020-03-29
,,
합계,105,2020-03-29
,,
검역,24,2020-03-28
,,
제주,1,2020-03-28
,,
경남,0,2020-03-28
,,
경북,2,2020-03-28
,,
전남,0,2020-03-28
,,
전북,0,2020-03-28
,,
충남,2,2020-03-28
,,
충북,0,2020-03-28
,,
강원,1,2020-03-28
,,
경기,21,2020-03-28
,,
세종,0,2020-03-28
,,
울산,0,2020-03-28
,,
대전,0,2020-03-28
,,
광주,0,2020-03-28
,,
인천,5,2020-03-28
,,
대구,71,2020-03-28
,,
부산,1,2020-03-28
,,
서울,18,2020-03-28
,,
합계,146,2020-03-28
,,
검역,13,2020-03-27
,,
제주,1,2020-03-27
,,
경남,1,2020-03-27
,,
경북,9,2020-03-27
,,
전남,0,2020-03-27
,,
전북,0,2020-03-27
,,
충남,0,2020-03-27
,,
충북,2,2020-03-27
,,
강원,0,2020-03-27
,,
경기,11,2020-03-27
,,
세종,0,2020-03-27
,,
울산,2,2020-03-27
,,
대전,1,2020-03-27
,,
광주,1,2020-03-27
,,
인천,3,2020-03-27
,,
대구,34,2020-03-27
,,
부산,1,2020-03-27
,,
서울,12,2020-03-27
,,
합계,91,2020-03-27
,,
검역,30,2020-03-26
,,
제주,0,2020-03-26
,,
경남,0,2020-03-26
,,
경북,12,2020-03-26
,,
전남,0,2020-03-26
,,
전북,0,2020-03-26
,,
충남,1,2020-03-26
,,
충북,1,2020-03-26
,,
강원,0,2020-03-26
,,
경기,14,2020-03-26
,,
세종,0,2020-03-26
,,
울산,0,2020-03-26
,,
대전,6,2020-03-26
,,
광주,0,2020-03-26
,,
인천,1,2020-03-26
,,
대구,26,2020-03-26
,,
부산,0,2020-03-26
,,
서울,13,2020-03-26
,,
합계,104,2020-03-26
,,
검역,34,2020-03-25
,,
제주,2,2020-03-25
,,
경남,0,2020-03-25
,,
경북,5,2020-03-25
,,
전남,2,2020-03-25
,,
전북,0,2020-03-25
,,
충남,3,2020-03-25
,,
충북,0,2020-03-25
,,
강원,1,2020-03-25
,,
경기,21,2020-03-25
,,
세종,2,2020-03-25
,,
울산,1,2020-03-25
,,
대전,0,2020-03-25
,,
광주,0,2020-03-25
,,
인천,1,2020-03-25
,,
대구,14,2020-03-25
,,
부산,1,2020-03-25
,,
서울,13,2020-03-25
,,
합계,100,2020-03-25
,,
검역,20,2020-03-24
,,
제주,0,2020-03-24
,,
경남,1,2020-03-24
,,
경북,1,2020-03-24
,,
전남,0,2020-03-24
,,
전북,0,2020-03-24
,,
충남,0,2020-03-24
,,
충북,1,2020-03-24
,,
강원,0,2020-03-24
,,
경기,15,2020-03-24
,,
세종,0,2020-03-24
,,
울산,0,2020-03-24
,,
대전,0,2020-03-24
,,
광주,0,2020-03-24
,,
인천,1,2020-03-24
,,
대구,31,2020-03-24
,,
부산,2,2020-03-24
,,
서울,4,2020-03-24
,,
합계,76,2020-03-24
,,
검역,13,2020-03-23
,,
제주,0,2020-03-23
,,
경남,1,2020-03-23
,,
경북,2,2020-03-23
,,
전남,0,2020-03-23
,,
전북,0,2020-03-23
,,
충남,0,2020-03-23
,,
충북,2,2020-03-23
,,
강원,0,2020-03-23
,,
경기,14,2020-03-23
,,
세종,1,2020-03-23
,,
울산,0,2020-03-23
,,
대전,0,2020-03-23
,,
광주,0,2020-03-23
,,
인천,0,2020-03-23
,,
대구,24,2020-03-23
,,
부산,1,2020-03-23
,,
서울,6,2020-03-23
,,
합계,64,2020-03-23
,,
검역,11,2020-03-22
,,
제주,0,2020-03-22
,,
경남,1,2020-03-22
,,
경북,11,2020-03-22
,,
전남,1,2020-03-22
,,
전북,0,2020-03-22
,,
충남,1,2020-03-22
,,
충북,1,2020-03-22
,,
강원,0,2020-03-22
,,
경기,16,2020-03-22
,,
세종,0,2020-03-22
,,
울산,0,2020-03-22
,,
대전,2,2020-03-22
,,
광주,1,2020-03-22
,,
인천,0,2020-03-22
,,
대구,43,2020-03-22
,,
부산,0,2020-03-22
,,
서울,10,2020-03-22
,,
합계,98,2020-03-22
,,
검역,6,2020-03-21
,,
제주,0,2020-03-21
,,
경남,0,2020-03-21
,,
경북,40,2020-03-21
,,
전남,0,2020-03-21
,,
전북,0,2020-03-21
,,
충남,0,2020-03-21
,,
충북,1,2020-03-21
,,
강원,0,2020-03-21
,,
경기,12,2020-03-21
,,
세종,0,2020-03-21
,,
울산,0,2020-03-21
,,
대전,0,2020-03-21
,,
광주,0,2020-03-21
,,
인천,4,2020-03-21
,,
대구,69,2020-03-21
,,
부산,0,2020-03-21
,,
서울,15,2020-03-21
,,
합계,147,2020-03-21
,,
검역,1,2020-03-20
,,
제주,0,2020-03-20
,,
경남,1,2020-03-20
,,
경북,13,2020-03-20
,,
전남,0,2020-03-20
,,
전북,0,2020-03-20
,,
충남,1,2020-03-20
,,
충북,0,2020-03-20
,,
강원,0,2020-03-20
,,
경기,14,2020-03-20
,,
세종,0,2020-03-20
,,
울산,0,2020-03-20
,,
대전,0,2020-03-20
,,
광주,1,2020-03-20
,,
인천,4,2020-03-20
,,
대구,34,2020-03-20
,,
부산,1,2020-03-20
,,
서울,17,2020-03-20
,,
합계,87,2020-03-20
,,
검역,5,2020-03-19
,,
제주,0,2020-03-19
,,
경남,0,2020-03-19
,,
경북,12,2020-03-19
,,
전남,0,2020-03-19
,,
전북,1,2020-03-19
,,
충남,0,2020-03-19
,,
충북,1,2020-03-19
,,
강원,0,2020-03-19
,,
경기,18,2020-03-19
,,
세종,0,2020-03-19
,,
울산,6,2020-03-19
,,
대전,0,2020-03-19
,,
광주,0,2020-03-19
,,
인천,0,2020-03-19
,,
대구,97,2020-03-19
,,
부산,0,2020-03-19
,,
서울,12,2020-03-19
,,
합계,152,2020-03-19
,,
검역,5,2020-03-18
,,
제주,0,2020-03-18
,,
경남,0,2020-03-18
,,
경북,9,2020-03-18
,,
전남,1,2020-03-18
,,
전북,2,2020-03-18
,,
충남,3,2020-03-18
,,
충북,1,2020-03-18
,,
강원,1,2020-03-18
,,
경기,15,2020-03-18
,,
세종,1,2020-03-18
,,
울산,2,2020-03-18
,,
대전,0,2020-03-18
,,
광주,1,2020-03-18
,,
인천,1,2020-03-18
,,
대구,46,2020-03-18
,,
부산,0,2020-03-18
,,
서울,5,2020-03-18
,,
합계,93,2020-03-18
,,
검역,2,2020-03-17
,,
제주,0,2020-03-17
,,
경남,1,2020-03-17
,,
경북,5,2020-03-17
,,
전남,0,2020-03-17
,,
전북,0,2020-03-17
,,
충남,0,2020-03-17
,,
충북,0,2020-03-17
,,
강원,0,2020-03-17
,,
경기,31,2020-03-17
,,
세종,0,2020-03-17
,,
울산,0,2020-03-17
,,
대전,0,2020-03-17
,,
광주,0,2020-03-17
,,
인천,1,2020-03-17
,,
대구,32,2020-03-17
,,
부산,0,2020-03-17
,,
서울,12,2020-03-17
,,
합계,84,2020-03-17
,,
검역,4,2020-03-16
,,
제주,0,2020-03-16
,,
경남,0,2020-03-16
,,
경북,7,2020-03-16
,,
전남,0,2020-03-16
,,
전북,0,2020-03-16
,,
충남,0,2020-03-16
,,
충북,0,2020-03-16
,,
강원,0,2020-03-16
,,
경기,20,2020-03-16
,,
세종,1,2020-03-16
,,
울산,0,2020-03-16
,,
대전,0,2020-03-16
,,
광주,0,2020-03-16
,,
인천,0,2020-03-16
,,
대구,35,2020-03-16
,,
부산,1,2020-03-16
,,
서울,6,2020-03-16
,,
합계,74,2020-03-16
,,
제주,0,2020-03-15
,,
경남,0,2020-03-15
,,
경북,4,2020-03-15
,,
전남,0,2020-03-15
,,
전북,0,2020-03-15
,,
충남,0,2020-03-15
,,
충북,3,2020-03-15
,,
강원,0,2020-03-15
,,
경기,11,2020-03-15
,,
세종,1,2020-03-15
,,
울산,1,2020-03-15
,,
대전,0,2020-03-15
,,
광주,1,2020-03-15
,,
인천,2,2020-03-15
,,
대구,41,2020-03-15
,,
부산,3,2020-03-15
,,
서울,9,2020-03-15
,,
합계,76,2020-03-15
,,
제주,0,2020-03-14
,,
경남,0,2020-03-14
,,
경북,6,2020-03-14
,,
전남,0,2020-03-14
,,
전북,0,2020-03-14
,,
충남,0,2020-03-14
,,
충북,1,2020-03-14
,,
강원,0,2020-03-14
,,
경기,15,2020-03-14
,,
세종,6,2020-03-14
,,
울산,0,2020-03-14
,,
대전,0,2020-03-14
,,
광주,0,2020-03-14
,,
인천,1,2020-03-14
,,
대구,62,2020-03-14
,,
부산,3,2020-03-14
,,
서울,13,2020-03-14
,,
합계,107,2020-03-14
,,
제주,0,2020-03-13
,,
경남,0,2020-03-13
,,
경북,4,2020-03-13
,,
전남,0,2020-03-13
,,
전북,0,2020-03-13
,,
충남,1,2020-03-13
,,
충북,0,2020-03-13
,,
강원,0,2020-03-13
,,
경기,7,2020-03-13
,,
세종,17,2020-03-13
,,
울산,2,2020-03-13
,,
대전,2,2020-03-13
,,
광주,0,2020-03-13
,,
인천,2,2020-03-13
,,
대구,61,2020-03-13
,,
부산,1,2020-03-13
,,
서울,13,2020-03-13
,,
합계,110,2020-03-13
,,
제주,0,2020-03-12
,,
경남,1,2020-03-12
,,
경북,8,2020-03-12
,,
전남,0,2020-03-12
,,
전북,0,2020-03-12
,,
충남,2,2020-03-12
,,
충북,0,2020-03-12
,,
강원,0,2020-03-12
,,
경기,3,2020-03-12
,,
세종,5,2020-03-12
,,
울산,0,2020-03-12
,,
대전,2,2020-03-12
,,
광주,0,2020-03-12
,,
인천,0,2020-03-12
,,
대구,73,2020-03-12
,,
부산,1,2020-03-12
,,
서울,19,2020-03-12
,,
합계,114,2020-03-12
,,
제주,0,2020-03-11
,,
경남,1,2020-03-11
,,
경북,18,2020-03-11
,,
전남,0,2020-03-11
,,
전북,0,2020-03-11
,,
충남,8,2020-03-11
,,
충북,2,2020-03-11
,,
강원,1,2020-03-11
,,
경기,12,2020-03-11
,,
세종,2,2020-03-11
,,
울산,1,2020-03-11
,,
대전,0,2020-03-11
,,
광주,0,2020-03-11
,,
인천,12,2020-03-11
,,
대구,131,2020-03-11
,,
부산,2,2020-03-11
,,
서울,52,2020-03-11
,,
합계,242,2020-03-11
,,
제주,0,2020-03-10
,,
경남,0,2020-03-10
,,
경북,10,2020-03-10
,,
전남,0,2020-03-10
,,
전북,0,2020-03-10
,,
충남,2,2020-03-10
,,
충북,0,2020-03-10
,,
강원,0,2020-03-10
,,
경기,11,2020-03-10
,,
세종,2,2020-03-10
,,
울산,0,2020-03-10
,,
대전,-1,2020-03-10
,,
광주,0,2020-03-10
,,
인천,4,2020-03-10
,,
대구,92,2020-03-10
,,
부산,0,2020-03-10
,,
서울,11,2020-03-10
,,
합계,131,2020-03-10
,,
제주,0,2020-03-09
,,
경남,0,2020-03-09
,,
경북,26,2020-03-09
,,
전남,0,2020-03-09
,,
전북,0,2020-03-09
,,
충남,4,2020-03-09
,,
충북,1,2020-03-09
,,
강원,1,2020-03-09
,,
경기,11,2020-03-09
,,
세종,3,2020-03-09
,,
울산,0,2020-03-09
,,
대전,1,2020-03-09
,,
광주,2,2020-03-09
,,
인천,0,2020-03-09
,,
대구,190,2020-03-09
,,
부산,-1,2020-03-09
,,
서울,10,2020-03-09
,,
합계,248,2020-03-09
,,
제주,0,2020-03-08
,,
경남,1,2020-03-08
,,
경북,32,2020-03-08
,,
전남,0,2020-03-08
,,
전북,0,2020-03-08
,,
충남,6,2020-03-08
,,
충북,4,2020-03-08
,,
강원,1,2020-03-08
,,
경기,11,2020-03-08
,,
세종,1,2020-03-08
,,
울산,1,2020-03-08
,,
대전,0,2020-03-08
,,
광주,0,2020-03-08
,,
인천,0,2020-03-08
,,
대구,297,2020-03-08
,,
부산,1,2020-03-08
,,
서울,12,2020-03-08
,,
합계,367,2020-03-08
,,
제주,0,2020-03-07
,,
경남,5,2020-03-07
,,
경북,65,2020-03-07
,,
전남,0,2020-03-07
,,
전북,0,2020-03-07
,,
충남,2,2020-03-07
,,
충북,5,2020-03-07
,,
강원,1,2020-03-07
,,
경기,10,2020-03-07
,,
세종,1,2020-03-07
,,
울산,0,2020-03-07
,,
대전,0,2020-03-07
,,
광주,0,2020-03-07
,,
인천,0,2020-03-07
,,
대구,390,2020-03-07
,,
부산,1,2020-03-07
,,
서울,3,2020-03-07
,,
합계,483,2020-03-07
,,
제주,0,2020-03-06
,,
경남,3,2020-03-06
,,
경북,123,2020-03-06
,,
전남,0,2020-03-06
,,
전북,0,2020-03-06
,,
충남,4,2020-03-06
,,
충북,3,2020-03-06
,,
강원,2,2020-03-06
,,
경기,10,2020-03-06
,,
세종,0,2020-03-06
,,
울산,0,2020-03-06
,,
대전,2,2020-03-06
,,
광주,-1,2020-03-06
,,
인천,0,2020-03-06
,,
대구,367,2020-03-06
,,
부산,3,2020-03-06
,,
서울,2,2020-03-06
,,
합계,518,2020-03-06
,,
제주,1,2020-03-05
,,
경남,9,2020-03-05
,,
경북,87,2020-03-05
,,
전남,-1,2020-03-05
,,
전북,0,2020-03-05
,,
충남,4,2020-03-05
,,
충북,1,2020-03-05
,,
강원,2,2020-03-05
,,
경기,9,2020-03-05
,,
세종,0,2020-03-05
,,
울산,0,2020-03-05
,,
대전,1,2020-03-05
,,
광주,1,2020-03-05
,,
인천,0,2020-03-05
,,
대구,321,2020-03-05
,,
부산,-1,2020-03-05
,,
서울,4,2020-03-05
,,
합계,438,2020-03-05
,,
제주,0,2020-03-04
,,
경남,1,2020-03-04
,,
경북,89,2020-03-04
,,
전남,0,2020-03-04
,,
전북,0,2020-03-04
,,
충남,1,2020-03-04
,,
충북,0,2020-03-04
,,
강원,1,2020-03-04
,,
경기,7,2020-03-04
,,
세종,0,2020-03-04
,,
울산,3,2020-03-04
,,
대전,1,2020-03-04
,,
광주,2,2020-03-04
,,
인천,2,2020-03-04
,,
대구,405,2020-03-04
,,
부산,3,2020-03-04
,,
서울,1,2020-03-04
,,
합계,516,2020-03-04
,,
검역,0,2020-03-01
,,
제주,0,2020-03-01
,,
경남,4,2020-03-01
,,
경북,67,2020-03-01
,,
전남,0,2020-03-01
,,
전북,1,2020-03-01
,,
충남,13,2020-03-01
,,
충북,1,2020-03-01
,,
강원,8,2020-03-01
,,
경기,7,2020-03-01
,,
세종,0,2020-03-01
,,
울산,3,2020-03-01
,,
대전,0,2020-03-01
,,
광주,0,2020-03-01
,,
인천,0,2020-03-01
,,
대구,469,2020-03-01
,,
부산,3,2020-03-01
,,
서울,10,2020-03-01
,,
합계,586,2020-03-01
